Time da casa;Time da casa.1;Time visitante;Time visitante.1;Resultado;Unnamed: 11;Unnamed: 12;REF_GESTAO
Campeonato Paulista;Campeonato Paulista;Campeonato Paulista;Campeonato Paulista;Campeonato Paulista;Campeonato Paulista;Campeonato Paulista;Juvenal Juvêncio (2006-2014)
;Santo André;;São Paulo;1:0;;;Juvenal Juvêncio (2006-2014)
;São Paulo;;Juventus-SP;0:1;;;Juvenal Juvêncio (2006-2014)
;Bragantino;;São Paulo;3:3;;;Juvenal Juvêncio (2006-2014)
Copa Libertadores;Copa Libertadores;Copa Libertadores;Copa Libertadores;Copa Libertadores;Copa Libertadores;Copa Libertadores;Juvenal Juvêncio (2006-2014)
;Caracas FC;;São Paulo;1:2;;;Juvenal Juvêncio (2006-2014)
;São Paulo;;Cienciano;4:1;;;Juvenal Juvêncio (2006-2014)
;Chivas;;São Paulo;2:1;;;Juvenal Juvêncio (2006-2014)
;São Paulo;;Chivas;1:2;;;Juvenal Juvêncio (2006-2014)
;Cienciano;;São Paulo;0:2;;;Juvenal Juvêncio (2006-2014)
Campeonato Brasileiro Série A;Campeonato Brasileiro Série A;Campeonato Brasileiro Série A;Campeonato Brasileiro Série A;Campeonato Brasileiro Série A;Campeonato Brasileiro Série A;Campeonato Brasileiro Série A;Juvenal Juvêncio (2006-2014)
;São Paulo (1.);;Flamengo (11.);1:0;;;Juvenal Juvêncio (2006-2014)
Copa Libertadores;Copa Libertadores;Copa Libertadores;Copa Libertadores;Copa Libertadores;Copa Libertadores;Copa Libertadores;Juvenal Juvêncio (2006-2014)
;São Paulo;;Caracas FC;2:0;;;Juvenal Juvêncio (2006-2014)
Campeonato Brasileiro Série A;Campeonato Brasileiro Série A;Campeonato Brasileiro Série A;Campeonato Brasileiro Série A;Campeonato Brasileiro Série A;Campeonato Brasileiro Série A;Campeonato Brasileiro Série A;Juvenal Juvêncio (2006-2014)
;Fortaleza (18.);;São Paulo (6.);1:0;;;Juvenal Juvêncio (2006-2014)
Copa Libertadores;Copa Libertadores;Copa Libertadores;Copa Libertadores;Copa Libertadores;Copa Libertadores;Copa Libertadores;Juvenal Juvêncio (2006-2014)
;Palmeiras;;São Paulo;1:1;;;Juvenal Juvêncio (2006-2014)
Campeonato Brasileiro Série A;Campeonato Brasileiro Série A;Campeonato Brasileiro Série A;Campeonato Brasileiro Série A;Campeonato Brasileiro Série A;Campeonato Brasileiro Série A;Campeonato Brasileiro Série A;Juvenal Juvêncio (2006-2014)
;São Paulo (12.);;Santa Cruz (18.);4:0;;;Juvenal Juvêncio (2006-2014)
Copa Libertadores;Copa Libertadores;Copa Libertadores;Copa Libertadores;Copa Libertadores;Copa Libertadores;Copa Libertadores;Juvenal Juvêncio (2006-2014)
;São Paulo;;Palmeiras;2:1;;;Juvenal Juvêncio (2006-2014)
Campeonato Brasileiro Série A;Campeonato Brasileiro Série A;Campeonato Brasileiro Série A;Campeonato Brasileiro Série A;Campeonato Brasileiro Série A;Campeonato Brasileiro Série A;Campeonato Brasileiro Série A;Juvenal Juvêncio (2006-2014)
;Corinthians (14.);;São Paulo (4.);1:3;;;Juvenal Juvêncio (2006-2014)
Copa Libertadores;Copa Libertadores;Copa Libertadores;Copa Libertadores;Copa Libertadores;Copa Libertadores;Copa Libertadores;Juvenal Juvêncio (2006-2014)
;Estudiantes LP;;São Paulo;1:0;;;Juvenal Juvêncio (2006-2014)
Campeonato Brasileiro Série A;Campeonato Brasileiro Série A;Campeonato Brasileiro Série A;Campeonato Brasileiro Série A;Campeonato Brasileiro Série A;Campeonato Brasileiro Série A;Campeonato Brasileiro Série A;Juvenal Juvêncio (2006-2014)
;Internacional (3.);;São Paulo (4.);3:1;;;Juvenal Juvêncio (2006-2014)
;São Paulo (5.);;São Caetano (15.);1:0;;;Juvenal Juvêncio (2006-2014)
;São Paulo (5.);;Palmeiras (19.);4:1;;;Juvenal Juvêncio (2006-2014)
;Vasco da Gama (16.);;São Paulo (4.);1:1;;;Juvenal Juvêncio (2006-2014)
;São Paulo (5.);;Fluminense (1.);1:0;;;Juvenal Juvêncio (2006-2014)
;Juventude (9.);;São Paulo (1.);1:1;;;Juvenal Juvêncio (2006-2014)
;São Paulo (3.);;Grêmio (9.);2:1;;;Juvenal Juvêncio (2006-2014)
;São Paulo (3.);;Figueirense (7.);2:1;;;Juvenal Juvêncio (2006-2014)
Copa Libertadores;Copa Libertadores;Copa Libertadores;Copa Libertadores;Copa Libertadores;Copa Libertadores;Copa Libertadores;Juvenal Juvêncio (2006-2014)
;São Paulo;;Estudiantes LP;5:3 pen.;;;Juvenal Juvêncio (2006-2014)
Campeonato Brasileiro Série A;Campeonato Brasileiro Série A;Campeonato Brasileiro Série A;Campeonato Brasileiro Série A;Campeonato Brasileiro Série A;Campeonato Brasileiro Série A;Campeonato Brasileiro Série A;Juvenal Juvêncio (2006-2014)
;Ponte Preta (15.);;São Paulo (1.);1:3;;;Juvenal Juvêncio (2006-2014)
Copa Libertadores;Copa Libertadores;Copa Libertadores;Copa Libertadores;Copa Libertadores;Copa Libertadores;Copa Libertadores;Juvenal Juvêncio (2006-2014)
;Chivas;;São Paulo;0:1;;;Juvenal Juvêncio (2006-2014)
Campeonato Brasileiro Série A;Campeonato Brasileiro Série A;Campeonato Brasileiro Série A;Campeonato Brasileiro Série A;Campeonato Brasileiro Série A;Campeonato Brasileiro Série A;Campeonato Brasileiro Série A;Juvenal Juvêncio (2006-2014)
;São Paulo (1.);;Santos (7.);0:4;;;Juvenal Juvêncio (2006-2014)
Copa Libertadores;Copa Libertadores;Copa Libertadores;Copa Libertadores;Copa Libertadores;Copa Libertadores;Copa Libertadores;Juvenal Juvêncio (2006-2014)
;São Paulo;;Chivas;3:0;;;Juvenal Juvêncio (2006-2014)
Campeonato Brasileiro Série A;Campeonato Brasileiro Série A;Campeonato Brasileiro Série A;Campeonato Brasileiro Série A;Campeonato Brasileiro Série A;Campeonato Brasileiro Série A;Campeonato Brasileiro Série A;Juvenal Juvêncio (2006-2014)
;Botafogo (15.);;São Paulo (1.);1:1;;;Juvenal Juvêncio (2006-2014)
Copa Libertadores;Copa Libertadores;Copa Libertadores;Copa Libertadores;Copa Libertadores;Copa Libertadores;Copa Libertadores;Juvenal Juvêncio (2006-2014)
;São Paulo;;Internacional;1:2;;;Juvenal Juvêncio (2006-2014)
Campeonato Brasileiro Série A;Campeonato Brasileiro Série A;Campeonato Brasileiro Série A;Campeonato Brasileiro Série A;Campeonato Brasileiro Série A;Campeonato Brasileiro Série A;Campeonato Brasileiro Série A;Juvenal Juvêncio (2006-2014)
;São Paulo (1.);;Goiás (11.);2:1;;;Juvenal Juvêncio (2006-2014)
Copa Libertadores;Copa Libertadores;Copa Libertadores;Copa Libertadores;Copa Libertadores;Copa Libertadores;Copa Libertadores;Juvenal Juvêncio (2006-2014)
;Internacional;;São Paulo;2:2;;;Juvenal Juvêncio (2006-2014)
Campeonato Brasileiro Série A;Campeonato Brasileiro Série A;Campeonato Brasileiro Série A;Campeonato Brasileiro Série A;Campeonato Brasileiro Série A;Campeonato Brasileiro Série A;Campeonato Brasileiro Série A;Juvenal Juvêncio (2006-2014)
;Cruzeiro (6.);;São Paulo (1.);2:2;;;Juvenal Juvêncio (2006-2014)
;São Paulo (1.);;Paraná (3.);3:2;;;Juvenal Juvêncio (2006-2014)
;Flamengo (13.);;São Paulo (1.);1:1;;;Juvenal Juvêncio (2006-2014)
;São Paulo (1.);;Fortaleza (19.);1:1;;;Juvenal Juvêncio (2006-2014)
;Santa Cruz (20.);;São Paulo (1.);1:3;;;Juvenal Juvêncio (2006-2014)
Recopa Sul-Americana;Recopa Sul-Americana;Recopa Sul-Americana;Recopa Sul-Americana;Recopa Sul-Americana;Recopa Sul-Americana;Recopa Sul-Americana;Juvenal Juvêncio (2006-2014)
;Boca Juniors;;São Paulo;2:1;;;Juvenal Juvêncio (2006-2014)
Campeonato Brasileiro Série A;Campeonato Brasileiro Série A;Campeonato Brasileiro Série A;Campeonato Brasileiro Série A;Campeonato Brasileiro Série A;Campeonato Brasileiro Série A;Campeonato Brasileiro Série A;Juvenal Juvêncio (2006-2014)
;São Paulo (1.);;Corinthians (15.);0:0;;;Juvenal Juvêncio (2006-2014)
Recopa Sul-Americana;Recopa Sul-Americana;Recopa Sul-Americana;Recopa Sul-Americana;Recopa Sul-Americana;Recopa Sul-Americana;Recopa Sul-Americana;Juvenal Juvêncio (2006-2014)
;São Paulo;;Boca Juniors;2:2;;;Juvenal Juvêncio (2006-2014)
Campeonato Brasileiro Série A;Campeonato Brasileiro Série A;Campeonato Brasileiro Série A;Campeonato Brasileiro Série A;Campeonato Brasileiro Série A;Campeonato Brasileiro Série A;Campeonato Brasileiro Série A;Juvenal Juvêncio (2006-2014)
;São Paulo (1.);;Internacional (2.);2:0;;;Juvenal Juvêncio (2006-2014)
;São Caetano (18.);;São Paulo (1.);0:1;;;Juvenal Juvêncio (2006-2014)
;Palmeiras (15.);;São Paulo (1.);3:1;;;Juvenal Juvêncio (2006-2014)
;Atlético-PR (16.);;São Paulo (1.);0:0;;;Juvenal Juvêncio (2006-2014)
;São Paulo (1.);;Vasco da Gama (6.);5:1;;;Juvenal Juvêncio (2006-2014)
;Fluminense (14.);;São Paulo (1.);1:2;;;Juvenal Juvêncio (2006-2014)
;São Paulo (1.);;Juventude (10.);5:0;;;Juvenal Juvêncio (2006-2014)
;Grêmio (2.);;São Paulo (1.);1:1;;;Juvenal Juvêncio (2006-2014)
;Figueirense (8.);;São Paulo (1.);0:2;;;Juvenal Juvêncio (2006-2014)
;São Paulo (1.);;Ponte Preta (17.);1:1;;;Juvenal Juvêncio (2006-2014)
;Santos (3.);;São Paulo (1.);0:1;;;Juvenal Juvêncio (2006-2014)
;São Paulo (1.);;Botafogo (8.);3:0;;;Juvenal Juvêncio (2006-2014)
;Goiás (11.);;São Paulo (1.);0:2;;;Juvenal Juvêncio (2006-2014)
;São Paulo (1.);;Atlético-PR (13.);1:1;;;Juvenal Juvêncio (2006-2014)
;São Paulo (1.);;Cruzeiro (8.);2:0;;;Juvenal Juvêncio (2006-2014)
;Paraná (5.);;São Paulo (1.);0:0;;;Juvenal Juvêncio (2006-2014)
Campeonato Paulista;Campeonato Paulista;Campeonato Paulista;Campeonato Paulista;Campeonato Paulista;Campeonato Paulista;Campeonato Paulista;Juvenal Juvêncio (2006-2014)
;Sertãozinho;;São Paulo;1:3;;;Juvenal Juvêncio (2006-2014)
;São Paulo;;Ituano;1:0;;;Juvenal Juvêncio (2006-2014)
;Paulista;;São Paulo;2:2;;;Juvenal Juvêncio (2006-2014)
;Rio Claro;;São Paulo;0:2;;;Juvenal Juvêncio (2006-2014)
;São Paulo;;Santo André;1:1;;;Juvenal Juvêncio (2006-2014)
;Noroeste;;São Paulo;1:1;;;Juvenal Juvêncio (2006-2014)
;São Paulo;;São Bento;3:0;;;Juvenal Juvêncio (2006-2014)
;São Paulo;;Corinthians;3:1;;;Juvenal Juvêncio (2006-2014)
Copa Libertadores;Copa Libertadores;Copa Libertadores;Copa Libertadores;Copa Libertadores;Copa Libertadores;Copa Libertadores;Juvenal Juvêncio (2006-2014)
;Audax Italiano;;São Paulo;0:0;;;Juvenal Juvêncio (2006-2014)
Campeonato Paulista;Campeonato Paulista;Campeonato Paulista;Campeonato Paulista;Campeonato Paulista;Campeonato Paulista;Campeonato Paulista;Juvenal Juvêncio (2006-2014)
;América-SP;;São Paulo;2:4;;;Juvenal Juvêncio (2006-2014)
;São Paulo;;Bragantino;1:0;;;Juvenal Juvêncio (2006-2014)
Copa Libertadores;Copa Libertadores;Copa Libertadores;Copa Libertadores;Copa Libertadores;Copa Libertadores;Copa Libertadores;Juvenal Juvêncio (2006-2014)
;São Paulo;;Alianza Lima;4:0;;;Juvenal Juvêncio (2006-2014)
Campeonato Paulista;Campeonato Paulista;Campeonato Paulista;Campeonato Paulista;Campeonato Paulista;Campeonato Paulista;Campeonato Paulista;Juvenal Juvêncio (2006-2014)
;Juventus-SP;;São Paulo;0:2;;;Juvenal Juvêncio (2006-2014)
;São Paulo;;Guaratinguetá;2:1;;;Juvenal Juvêncio (2006-2014)
;Santos;;São Paulo;1:1;;;Juvenal Juvêncio (2006-2014)
;São Paulo;;Ponte Preta;1:0;;;Juvenal Juvêncio (2006-2014)
Copa Libertadores;Copa Libertadores;Copa Libertadores;Copa Libertadores;Copa Libertadores;Copa Libertadores;Copa Libertadores;Juvenal Juvêncio (2006-2014)
;Necaxa;;São Paulo;2:1;;;Juvenal Juvêncio (2006-2014)
Campeonato Paulista;Campeonato Paulista;Campeonato Paulista;Campeonato Paulista;Campeonato Paulista;Campeonato Paulista;Campeonato Paulista;Juvenal Juvêncio (2006-2014)
;São Caetano;;São Paulo;1:0;;;Juvenal Juvêncio (2006-2014)
;São Paulo;;Rio Branco-SP;4:0;;;Juvenal Juvêncio (2006-2014)
;São Paulo;;Palmeiras;3:1;;;Juvenal Juvêncio (2006-2014)
Copa Libertadores;Copa Libertadores;Copa Libertadores;Copa Libertadores;Copa Libertadores;Copa Libertadores;Copa Libertadores;Juvenal Juvêncio (2006-2014)
;São Paulo;;Necaxa;3:0;;;Juvenal Juvêncio (2006-2014)
Campeonato Paulista;Campeonato Paulista;Campeonato Paulista;Campeonato Paulista;Campeonato Paulista;Campeonato Paulista;Campeonato Paulista;Juvenal Juvêncio (2006-2014)
;Barueri;;São Paulo;0:5;;;Juvenal Juvêncio (2006-2014)
;São Paulo;;Marília;2:2;;;Juvenal Juvêncio (2006-2014)
Campeonato Paulista - Série A1 - Fase final;Campeonato Paulista - Série A1 - Fase final;Campeonato Paulista - Série A1 - Fase final;Campeonato Paulista - Série A1 - Fase final;Campeonato Paulista - Série A1 - Fase final;Campeonato Paulista - Série A1 - Fase final;Campeonato Paulista - Série A1 - Fase final;Juvenal Juvêncio (2006-2014)
;São Caetano;;São Paulo;1:1;;;Juvenal Juvêncio (2006-2014)
Copa Libertadores;Copa Libertadores;Copa Libertadores;Copa Libertadores;Copa Libertadores;Copa Libertadores;Copa Libertadores;Juvenal Juvêncio (2006-2014)
;Alianza Lima;;São Paulo;0:1;;;Juvenal Juvêncio (2006-2014)
Campeonato Paulista - Série A1 - Fase final;Campeonato Paulista - Série A1 - Fase final;Campeonato Paulista - Série A1 - Fase final;Campeonato Paulista - Série A1 - Fase final;Campeonato Paulista - Série A1 - Fase final;Campeonato Paulista - Série A1 - Fase final;Campeonato Paulista - Série A1 - Fase final;Juvenal Juvêncio (2006-2014)
;São Paulo;;São Caetano;1:4;;;Juvenal Juvêncio (2006-2014)
Copa Libertadores;Copa Libertadores;Copa Libertadores;Copa Libertadores;Copa Libertadores;Copa Libertadores;Copa Libertadores;Juvenal Juvêncio (2006-2014)
;São Paulo;;Audax Italiano;2:2;;;Juvenal Juvêncio (2006-2014)
;São Paulo;;Grêmio;1:0;;;Juvenal Juvêncio (2006-2014)
Campeonato Brasileiro Série A;Campeonato Brasileiro Série A;Campeonato Brasileiro Série A;Campeonato Brasileiro Série A;Campeonato Brasileiro Série A;Campeonato Brasileiro Série A;Campeonato Brasileiro Série A;Juvenal Juvêncio (2006-2014)
;São Paulo (1.);;Goiás (16.);2:0;;;Juvenal Juvêncio (2006-2014)
Copa Libertadores;Copa Libertadores;Copa Libertadores;Copa Libertadores;Copa Libertadores;Copa Libertadores;Copa Libertadores;Juvenal Juvêncio (2006-2014)
;Grêmio;;São Paulo;2:0;;;Juvenal Juvêncio (2006-2014)
Campeonato Brasileiro Série A;Campeonato Brasileiro Série A;Campeonato Brasileiro Série A;Campeonato Brasileiro Série A;Campeonato Brasileiro Série A;Campeonato Brasileiro Série A;Campeonato Brasileiro Série A;Juvenal Juvêncio (2006-2014)
;Náutico (13.);;São Paulo (5.);1:0;;;Juvenal Juvêncio (2006-2014)
;São Paulo (8.);;Palmeiras (4.);0:0;;;Juvenal Juvêncio (2006-2014)
;Paraná (1.);;São Paulo (9.);0:1;;;Juvenal Juvêncio (2006-2014)
;São Paulo (6.);;Atlético-MG (12.);0:1;;;Juvenal Juvêncio (2006-2014)
;São Paulo (9.);;Vasco da Gama (1.);2:0;;;Juvenal Juvêncio (2006-2014)
;Santos (14.);;São Paulo (6.);0:2;;;Juvenal Juvêncio (2006-2014)
;Figueirense (11.);;São Paulo (4.);0:0;;;Juvenal Juvêncio (2006-2014)
;São Paulo (5.);;Internacional (16.);1:0;;;Juvenal Juvêncio (2006-2014)
;São Paulo (2.);;Flamengo (14.);0:0;;;Juvenal Juvêncio (2006-2014)
;Corinthians (7.);;São Paulo (3.);1:1;;;Juvenal Juvêncio (2006-2014)
;São Paulo (3.);;Fluminense (15.);0:1;;;Juvenal Juvêncio (2006-2014)
;Cruzeiro (3.);;São Paulo (4.);1:2;;;Juvenal Juvêncio (2006-2014)
;São Paulo (2.);;Sport (10.);3:1;;;Juvenal Juvêncio (2006-2014)
;América-RN (19.);;São Paulo (2.);0:1;;;Juvenal Juvêncio (2006-2014)
;São Paulo (2.);;Juventude (18.);3:1;;;Juvenal Juvêncio (2006-2014)
;Grêmio (5.);;São Paulo (2.);0:2;;;Juvenal Juvêncio (2006-2014)
;Botafogo (2.);;São Paulo (1.);0:2;;;Juvenal Juvêncio (2006-2014)
;São Paulo (1.);;Atlético-PR (17.);2:0;;;Juvenal Juvêncio (2006-2014)
Copa Sul-Americana;Copa Sul-Americana;Copa Sul-Americana;Copa Sul-Americana;Copa Sul-Americana;Copa Sul-Americana;Copa Sul-Americana;Juvenal Juvêncio (2006-2014)
;Figueirense;;São Paulo;2:2;;;Juvenal Juvêncio (2006-2014)
Campeonato Brasileiro Série A;Campeonato Brasileiro Série A;Campeonato Brasileiro Série A;Campeonato Brasileiro Série A;Campeonato Brasileiro Série A;Campeonato Brasileiro Série A;Campeonato Brasileiro Série A;Juvenal Juvêncio (2006-2014)
;Goiás (6.);;São Paulo (1.);0:0;;;Juvenal Juvêncio (2006-2014)
Copa Sul-Americana;Copa Sul-Americana;Copa Sul-Americana;Copa Sul-Americana;Copa Sul-Americana;Copa Sul-Americana;Copa Sul-Americana;Juvenal Juvêncio (2006-2014)
;São Paulo;;Figueirense;1:1;;;Juvenal Juvêncio (2006-2014)
Campeonato Brasileiro Série A;Campeonato Brasileiro Série A;Campeonato Brasileiro Série A;Campeonato Brasileiro Série A;Campeonato Brasileiro Série A;Campeonato Brasileiro Série A;Campeonato Brasileiro Série A;Juvenal Juvêncio (2006-2014)
;São Paulo (1.);;Náutico (18.);5:0;;;Juvenal Juvêncio (2006-2014)
;Palmeiras (4.);;São Paulo (1.);0:1;;;Juvenal Juvêncio (2006-2014)
;São Paulo (1.);;Paraná (14.);6:0;;;Juvenal Juvêncio (2006-2014)
;Atlético-MG (12.);;São Paulo (1.);0:0;;;Juvenal Juvêncio (2006-2014)
;Vasco da Gama (4.);;São Paulo (1.);0:2;;;Juvenal Juvêncio (2006-2014)
;São Paulo (1.);;Santos (3.);2:1;;;Juvenal Juvêncio (2006-2014)
Copa Sul-Americana;Copa Sul-Americana;Copa Sul-Americana;Copa Sul-Americana;Copa Sul-Americana;Copa Sul-Americana;Copa Sul-Americana;Juvenal Juvêncio (2006-2014)
;Boca Juniors;;São Paulo;2:1;;;Juvenal Juvêncio (2006-2014)
Campeonato Brasileiro Série A;Campeonato Brasileiro Série A;Campeonato Brasileiro Série A;Campeonato Brasileiro Série A;Campeonato Brasileiro Série A;Campeonato Brasileiro Série A;Campeonato Brasileiro Série A;Juvenal Juvêncio (2006-2014)
;São Paulo (1.);;Figueirense (12.);2:0;;;Juvenal Juvêncio (2006-2014)
Copa Sul-Americana;Copa Sul-Americana;Copa Sul-Americana;Copa Sul-Americana;Copa Sul-Americana;Copa Sul-Americana;Copa Sul-Americana;Juvenal Juvêncio (2006-2014)
;São Paulo;;Boca Juniors;1:0;;;Juvenal Juvêncio (2006-2014)
Campeonato Brasileiro Série A;Campeonato Brasileiro Série A;Campeonato Brasileiro Série A;Campeonato Brasileiro Série A;Campeonato Brasileiro Série A;Campeonato Brasileiro Série A;Campeonato Brasileiro Série A;Juvenal Juvêncio (2006-2014)
;Internacional (10.);;São Paulo (1.);1:2;;;Juvenal Juvêncio (2006-2014)
;Flamengo (9.);;São Paulo (1.);1:0;;;Juvenal Juvêncio (2006-2014)
;São Paulo (1.);;Corinthians (18.);0:1;;;Juvenal Juvêncio (2006-2014)
Copa Sul-Americana;Copa Sul-Americana;Copa Sul-Americana;Copa Sul-Americana;Copa Sul-Americana;Copa Sul-Americana;Copa Sul-Americana;Juvenal Juvêncio (2006-2014)
;São Paulo;;Millonarios;0:1;;;Juvenal Juvêncio (2006-2014)
Campeonato Brasileiro Série A;Campeonato Brasileiro Série A;Campeonato Brasileiro Série A;Campeonato Brasileiro Série A;Campeonato Brasileiro Série A;Campeonato Brasileiro Série A;Campeonato Brasileiro Série A;Juvenal Juvêncio (2006-2014)
;Fluminense (6.);;São Paulo (1.);1:1;;;Juvenal Juvêncio (2006-2014)
;São Paulo (1.);;Cruzeiro (2.);1:0;;;Juvenal Juvêncio (2006-2014)
Copa Sul-Americana;Copa Sul-Americana;Copa Sul-Americana;Copa Sul-Americana;Copa Sul-Americana;Copa Sul-Americana;Copa Sul-Americana;Juvenal Juvêncio (2006-2014)
;Millonarios;;São Paulo;2:0;;;Juvenal Juvêncio (2006-2014)
Campeonato Brasileiro Série A;Campeonato Brasileiro Série A;Campeonato Brasileiro Série A;Campeonato Brasileiro Série A;Campeonato Brasileiro Série A;Campeonato Brasileiro Série A;Campeonato Brasileiro Série A;Juvenal Juvêncio (2006-2014)
;Sport (15.);;São Paulo (1.);1:2;;;Juvenal Juvêncio (2006-2014)
;São Paulo (1.);;América-RN (20.);3:0;;;Juvenal Juvêncio (2006-2014)
;Juventude (19.);;São Paulo (1.);2:0;;;Juvenal Juvêncio (2006-2014)
;São Paulo (1.);;Grêmio (7.);1:0;;;Juvenal Juvêncio (2006-2014)
;São Paulo (1.);;Botafogo (8.);2:2;;;Juvenal Juvêncio (2006-2014)
;Atlético-PR (14.);;São Paulo (1.);2:1;;;Juvenal Juvêncio (2006-2014)
Campeonato Paulista;Campeonato Paulista;Campeonato Paulista;Campeonato Paulista;Campeonato Paulista;Campeonato Paulista;Campeonato Paulista;Juvenal Juvêncio (2006-2014)
;Guaratinguetá;;São Paulo;1:2;;;Juvenal Juvêncio (2006-2014)
;São Paulo;;Rio Preto;1:0;;;Juvenal Juvêncio (2006-2014)
;Ituano;;São Paulo;1:1;;;Juvenal Juvêncio (2006-2014)
;São Paulo;;Corinthians;0:0;;;Juvenal Juvêncio (2006-2014)
;São Paulo;;Rio Claro;3:1;;;Juvenal Juvêncio (2006-2014)
;Ponte Preta;;São Paulo;0:0;;;Juvenal Juvêncio (2006-2014)
;São Paulo;;São Caetano;1:1;;;Juvenal Juvêncio (2006-2014)
;São Paulo;;Santos;3:2;;;Juvenal Juvêncio (2006-2014)
;Marília;;São Paulo;3:2;;;Juvenal Juvêncio (2006-2014)
;São Paulo;;Paulista;2:1;;;Juvenal Juvêncio (2006-2014)
;São Paulo;;Noroeste;2:2;;;Juvenal Juvêncio (2006-2014)
Copa Libertadores;Copa Libertadores;Copa Libertadores;Copa Libertadores;Copa Libertadores;Copa Libertadores;Copa Libertadores;Juvenal Juvêncio (2006-2014)
;Atl. Nacional;;São Paulo;1:1;;;Juvenal Juvêncio (2006-2014)
Campeonato Paulista;Campeonato Paulista;Campeonato Paulista;Campeonato Paulista;Campeonato Paulista;Campeonato Paulista;Campeonato Paulista;Juvenal Juvêncio (2006-2014)
;Mirassol;;São Paulo;1:2;;;Juvenal Juvêncio (2006-2014)
Copa Libertadores;Copa Libertadores;Copa Libertadores;Copa Libertadores;Copa Libertadores;Copa Libertadores;Copa Libertadores;Juvenal Juvêncio (2006-2014)
;São Paulo;;Audax Italiano;2:1;;;Juvenal Juvêncio (2006-2014)
Campeonato Paulista;Campeonato Paulista;Campeonato Paulista;Campeonato Paulista;Campeonato Paulista;Campeonato Paulista;Campeonato Paulista;Juvenal Juvêncio (2006-2014)
;Portuguesa;;São Paulo;2:0;;;Juvenal Juvêncio (2006-2014)
;São Paulo;;Barueri;2:1;;;Juvenal Juvêncio (2006-2014)
;Palmeiras;;São Paulo;4:1;;;Juvenal Juvêncio (2006-2014)
Copa Libertadores;Copa Libertadores;Copa Libertadores;Copa Libertadores;Copa Libertadores;Copa Libertadores;Copa Libertadores;Juvenal Juvêncio (2006-2014)
;Luqueño;;São Paulo;1:1;;;Juvenal Juvêncio (2006-2014)
Campeonato Paulista;Campeonato Paulista;Campeonato Paulista;Campeonato Paulista;Campeonato Paulista;Campeonato Paulista;Campeonato Paulista;Juvenal Juvêncio (2006-2014)
;Guarani;;São Paulo;0:1;;;Juvenal Juvêncio (2006-2014)
;São Paulo;;Sertãozinho;3:1;;;Juvenal Juvêncio (2006-2014)
;Bragantino;;São Paulo;0:2;;;Juvenal Juvêncio (2006-2014)
Copa Libertadores;Copa Libertadores;Copa Libertadores;Copa Libertadores;Copa Libertadores;Copa Libertadores;Copa Libertadores;Juvenal Juvêncio (2006-2014)
;São Paulo;;Luqueño;1:0;;;Juvenal Juvêncio (2006-2014)
Campeonato Paulista;Campeonato Paulista;Campeonato Paulista;Campeonato Paulista;Campeonato Paulista;Campeonato Paulista;Campeonato Paulista;Juvenal Juvêncio (2006-2014)
;São Paulo;;Juventus-SP;3:1;;;Juvenal Juvêncio (2006-2014)
Copa Libertadores;Copa Libertadores;Copa Libertadores;Copa Libertadores;Copa Libertadores;Copa Libertadores;Copa Libertadores;Juvenal Juvêncio (2006-2014)
;Audax Italiano;;São Paulo;1:0;;;Juvenal Juvêncio (2006-2014)
Campeonato Paulista - Série A1 - Fase final;Campeonato Paulista - Série A1 - Fase final;Campeonato Paulista - Série A1 - Fase final;Campeonato Paulista - Série A1 - Fase final;Campeonato Paulista - Série A1 - Fase final;Campeonato Paulista - Série A1 - Fase final;Campeonato Paulista - Série A1 - Fase final;Juvenal Juvêncio (2006-2014)
;São Paulo;;Palmeiras;2:1;;;Juvenal Juvêncio (2006-2014)
;Palmeiras;;São Paulo;2:0;;;Juvenal Juvêncio (2006-2014)
Copa Libertadores;Copa Libertadores;Copa Libertadores;Copa Libertadores;Copa Libertadores;Copa Libertadores;Copa Libertadores;Juvenal Juvêncio (2006-2014)
;São Paulo;;Atl. Nacional;1:0;;;Juvenal Juvêncio (2006-2014)
;Nacional;;São Paulo;0:0;;;Juvenal Juvêncio (2006-2014)
;São Paulo;;Nacional;2:0;;;Juvenal Juvêncio (2006-2014)
Campeonato Brasileiro Série A;Campeonato Brasileiro Série A;Campeonato Brasileiro Série A;Campeonato Brasileiro Série A;Campeonato Brasileiro Série A;Campeonato Brasileiro Série A;Campeonato Brasileiro Série A;Juvenal Juvêncio (2006-2014)
;São Paulo (1.);;Grêmio (2.);0:1;;;Juvenal Juvêncio (2006-2014)
Copa Libertadores;Copa Libertadores;Copa Libertadores;Copa Libertadores;Copa Libertadores;Copa Libertadores;Copa Libertadores;Juvenal Juvêncio (2006-2014)
;São Paulo;;Fluminense;1:0;;;Juvenal Juvêncio (2006-2014)
Campeonato Brasileiro Série A;Campeonato Brasileiro Série A;Campeonato Brasileiro Série A;Campeonato Brasileiro Série A;Campeonato Brasileiro Série A;Campeonato Brasileiro Série A;Campeonato Brasileiro Série A;Juvenal Juvêncio (2006-2014)
;Atlético-PR (7.);;São Paulo (14.);1:1;;;Juvenal Juvêncio (2006-2014)
Copa Libertadores;Copa Libertadores;Copa Libertadores;Copa Libertadores;Copa Libertadores;Copa Libertadores;Copa Libertadores;Juvenal Juvêncio (2006-2014)
;Fluminense;;São Paulo;3:1;;;Juvenal Juvêncio (2006-2014)
Campeonato Brasileiro Série A;Campeonato Brasileiro Série A;Campeonato Brasileiro Série A;Campeonato Brasileiro Série A;Campeonato Brasileiro Série A;Campeonato Brasileiro Série A;Campeonato Brasileiro Série A;Juvenal Juvêncio (2006-2014)
;São Paulo (15.);;Coritiba (9.);1:1;;;Juvenal Juvêncio (2006-2014)
;Santos (14.);;São Paulo (17.);0:0;;;Juvenal Juvêncio (2006-2014)
;São Paulo (18.);;Atlético-MG (7.);5:1;;;Juvenal Juvêncio (2006-2014)
;Flamengo (1.);;São Paulo (11.);2:4;;;Juvenal Juvêncio (2006-2014)
;São Paulo (6.);;Sport (12.);1:0;;;Juvenal Juvêncio (2006-2014)
;Cruzeiro (3.);;São Paulo (6.);1:1;;;Juvenal Juvêncio (2006-2014)
;São Paulo (7.);;Ipatinga (19.);1:1;;;Juvenal Juvêncio (2006-2014)
;Náutico (6.);;São Paulo (7.);2:1;;;Juvenal Juvêncio (2006-2014)
;São Paulo (9.);;Palmeiras (5.);2:1;;;Juvenal Juvêncio (2006-2014)
;Vitória (4.);;São Paulo (7.);1:3;;;Juvenal Juvêncio (2006-2014)
;São Paulo (6.);;Botafogo (12.);2:1;;;Juvenal Juvêncio (2006-2014)
;Internacional (7.);;São Paulo (5.);2:0;;;Juvenal Juvêncio (2006-2014)
;São Paulo (6.);;Portuguesa (16.);3:1;;;Juvenal Juvêncio (2006-2014)
;Figueirense (10.);;São Paulo (5.);1:1;;;Juvenal Juvêncio (2006-2014)
;São Paulo (6.);;Vasco da Gama (12.);4:0;;;Juvenal Juvêncio (2006-2014)
;Fluminense (19.);;São Paulo (4.);3:1;;;Juvenal Juvêncio (2006-2014)
;São Paulo (4.);;Goiás (13.);2:1;;;Juvenal Juvêncio (2006-2014)
Copa Sul-Americana;Copa Sul-Americana;Copa Sul-Americana;Copa Sul-Americana;Copa Sul-Americana;Copa Sul-Americana;Copa Sul-Americana;Juvenal Juvêncio (2006-2014)
;Atlético-PR;;São Paulo;0:0;;;Juvenal Juvêncio (2006-2014)
Campeonato Brasileiro Série A;Campeonato Brasileiro Série A;Campeonato Brasileiro Série A;Campeonato Brasileiro Série A;Campeonato Brasileiro Série A;Campeonato Brasileiro Série A;Campeonato Brasileiro Série A;Juvenal Juvêncio (2006-2014)
;Grêmio (1.);;São Paulo (4.);1:0;;;Juvenal Juvêncio (2006-2014)
;São Paulo (5.);;Atlético-PR (14.);3:1;;;Juvenal Juvêncio (2006-2014)
;Coritiba (7.);;São Paulo (5.);2:2;;;Juvenal Juvêncio (2006-2014)
Copa Sul-Americana;Copa Sul-Americana;Copa Sul-Americana;Copa Sul-Americana;Copa Sul-Americana;Copa Sul-Americana;Copa Sul-Americana;Juvenal Juvêncio (2006-2014)
;São Paulo;;Atlético-PR;3:4 pen.;;;Juvenal Juvêncio (2006-2014)
Campeonato Brasileiro Série A;Campeonato Brasileiro Série A;Campeonato Brasileiro Série A;Campeonato Brasileiro Série A;Campeonato Brasileiro Série A;Campeonato Brasileiro Série A;Campeonato Brasileiro Série A;Juvenal Juvêncio (2006-2014)
;São Paulo (5.);;Santos (19.);0:0;;;Juvenal Juvêncio (2006-2014)
;Atlético-MG (12.);;São Paulo (5.);1:1;;;Juvenal Juvêncio (2006-2014)
;São Paulo (6.);;Flamengo (5.);2:0;;;Juvenal Juvêncio (2006-2014)
;Sport (8.);;São Paulo (5.);0:0;;;Juvenal Juvêncio (2006-2014)
;São Paulo (5.);;Cruzeiro (3.);2:0;;;Juvenal Juvêncio (2006-2014)
;Ipatinga (18.);;São Paulo (5.);1:3;;;Juvenal Juvêncio (2006-2014)
;São Paulo (5.);;Náutico (15.);1:0;;;Juvenal Juvêncio (2006-2014)
;Palmeiras (2.);;São Paulo (4.);2:2;;;Juvenal Juvêncio (2006-2014)
;São Paulo (4.);;Vitória (10.);2:1;;;Juvenal Juvêncio (2006-2014)
;Botafogo (6.);;São Paulo (2.);1:2;;;Juvenal Juvêncio (2006-2014)
;São Paulo (2.);;Internacional (8.);3:0;;;Juvenal Juvêncio (2006-2014)
;Portuguesa (16.);;São Paulo (1.);2:3;;;Juvenal Juvêncio (2006-2014)
;São Paulo (1.);;Figueirense (19.);3:1;;;Juvenal Juvêncio (2006-2014)
;Vasco da Gama (17.);;São Paulo (1.);1:2;;;Juvenal Juvêncio (2006-2014)
;São Paulo (1.);;Fluminense (13.);1:1;;;Juvenal Juvêncio (2006-2014)
;Goiás (7.);;São Paulo (1.);0:1;;;Juvenal Juvêncio (2006-2014)
Campeonato Paulista;Campeonato Paulista;Campeonato Paulista;Campeonato Paulista;Campeonato Paulista;Campeonato Paulista;Campeonato Paulista;Juvenal Juvêncio (2006-2014)
;São Paulo;;Ituano;1:1;;;Juvenal Juvêncio (2006-2014)
;Portuguesa;;São Paulo;0:2;;;Juvenal Juvêncio (2006-2014)
;Guarani;;São Paulo;0:2;;;Juvenal Juvêncio (2006-2014)
;São Paulo;;Santo André;0:2;;;Juvenal Juvêncio (2006-2014)
;São Paulo;;Bragantino;2:1;;;Juvenal Juvêncio (2006-2014)
;Botafogo-SP;;São Paulo;1:2;;;Juvenal Juvêncio (2006-2014)
;São Paulo;;Ponte Preta;2:1;;;Juvenal Juvêncio (2006-2014)
;São Paulo;;Corinthians;1:1;;;Juvenal Juvêncio (2006-2014)
Copa Libertadores;Copa Libertadores;Copa Libertadores;Copa Libertadores;Copa Libertadores;Copa Libertadores;Copa Libertadores;Juvenal Juvêncio (2006-2014)
;São Paulo;;Indep. Medellín;1:1;;;Juvenal Juvêncio (2006-2014)
Campeonato Paulista;Campeonato Paulista;Campeonato Paulista;Campeonato Paulista;Campeonato Paulista;Campeonato Paulista;Campeonato Paulista;Juvenal Juvêncio (2006-2014)
;Barueri;;São Paulo;1:3;;;Juvenal Juvêncio (2006-2014)
;São Paulo;;Oeste;3:0;;;Juvenal Juvêncio (2006-2014)
;Santos;;São Paulo;1:0;;;Juvenal Juvêncio (2006-2014)
Copa Libertadores;Copa Libertadores;Copa Libertadores;Copa Libertadores;Copa Libertadores;Copa Libertadores;Copa Libertadores;Juvenal Juvêncio (2006-2014)
;CD América;;São Paulo;1:3;;;Juvenal Juvêncio (2006-2014)
Campeonato Paulista;Campeonato Paulista;Campeonato Paulista;Campeonato Paulista;Campeonato Paulista;Campeonato Paulista;Campeonato Paulista;Juvenal Juvêncio (2006-2014)
;Mogi Mirim;;São Paulo;2:0;;;Juvenal Juvêncio (2006-2014)
;São Paulo;;Mirassol;5:0;;;Juvenal Juvêncio (2006-2014)
;São Paulo;;Marília;2:1;;;Juvenal Juvêncio (2006-2014)
Copa Libertadores;Copa Libertadores;Copa Libertadores;Copa Libertadores;Copa Libertadores;Copa Libertadores;Copa Libertadores;Juvenal Juvêncio (2006-2014)
;Defensor SC;;São Paulo;0:1;;;Juvenal Juvêncio (2006-2014)
Campeonato Paulista;Campeonato Paulista;Campeonato Paulista;Campeonato Paulista;Campeonato Paulista;Campeonato Paulista;Campeonato Paulista;Juvenal Juvêncio (2006-2014)
;Paulista;;São Paulo;1:1;;;Juvenal Juvêncio (2006-2014)
;Noroeste;;São Paulo;1:2;;;Juvenal Juvêncio (2006-2014)
;São Paulo;;Palmeiras;1:0;;;Juvenal Juvêncio (2006-2014)
;São Paulo;;Guaratinguetá;2:1;;;Juvenal Juvêncio (2006-2014)
;São Caetano;;São Paulo;2:2;;;Juvenal Juvêncio (2006-2014)
Copa Libertadores;Copa Libertadores;Copa Libertadores;Copa Libertadores;Copa Libertadores;Copa Libertadores;Copa Libertadores;Juvenal Juvêncio (2006-2014)
;São Paulo;;Defensor SC;2:1;;;Juvenal Juvêncio (2006-2014)
Campeonato Paulista - Série A1 - Fase final;Campeonato Paulista - Série A1 - Fase final;Campeonato Paulista - Série A1 - Fase final;Campeonato Paulista - Série A1 - Fase final;Campeonato Paulista - Série A1 - Fase final;Campeonato Paulista - Série A1 - Fase final;Campeonato Paulista - Série A1 - Fase final;Juvenal Juvêncio (2006-2014)
;Corinthians;;São Paulo;2:1;;;Juvenal Juvêncio (2006-2014)
Copa Libertadores;Copa Libertadores;Copa Libertadores;Copa Libertadores;Copa Libertadores;Copa Libertadores;Copa Libertadores;Juvenal Juvêncio (2006-2014)
;Indep. Medellín;;São Paulo;2:1;;;Juvenal Juvêncio (2006-2014)
Campeonato Paulista - Série A1 - Fase final;Campeonato Paulista - Série A1 - Fase final;Campeonato Paulista - Série A1 - Fase final;Campeonato Paulista - Série A1 - Fase final;Campeonato Paulista - Série A1 - Fase final;Campeonato Paulista - Série A1 - Fase final;Campeonato Paulista - Série A1 - Fase final;Juvenal Juvêncio (2006-2014)
;São Paulo;;Corinthians;0:2;;;Juvenal Juvêncio (2006-2014)
Copa Libertadores;Copa Libertadores;Copa Libertadores;Copa Libertadores;Copa Libertadores;Copa Libertadores;Copa Libertadores;Juvenal Juvêncio (2006-2014)
;São Paulo;;CD América;2:1;;;Juvenal Juvêncio (2006-2014)
Campeonato Brasileiro Série A;Campeonato Brasileiro Série A;Campeonato Brasileiro Série A;Campeonato Brasileiro Série A;Campeonato Brasileiro Série A;Campeonato Brasileiro Série A;Campeonato Brasileiro Série A;Juvenal Juvêncio (2006-2014)
;Fluminense (16.);;São Paulo (3.);1:0;;;Juvenal Juvêncio (2006-2014)
;São Paulo (17.);;Atlético-PR (20.);2:2;;;Juvenal Juvêncio (2006-2014)
;Palmeiras (8.);;São Paulo (14.);0:0;;;Juvenal Juvêncio (2006-2014)
Copa Libertadores;Copa Libertadores;Copa Libertadores;Copa Libertadores;Copa Libertadores;Copa Libertadores;Copa Libertadores;Juvenal Juvêncio (2006-2014)
;Cruzeiro;;São Paulo;2:1;;;Juvenal Juvêncio (2006-2014)
Campeonato Brasileiro Série A;Campeonato Brasileiro Série A;Campeonato Brasileiro Série A;Campeonato Brasileiro Série A;Campeonato Brasileiro Série A;Campeonato Brasileiro Série A;Campeonato Brasileiro Série A;Juvenal Juvêncio (2006-2014)
;São Paulo (15.);;Cruzeiro (4.);3:0;;;Juvenal Juvêncio (2006-2014)
;Avaí (15.);;São Paulo (8.);0:0;;;Juvenal Juvêncio (2006-2014)
;São Paulo (12.);;Santo André (14.);1:1;;;Juvenal Juvêncio (2006-2014)
Copa Libertadores;Copa Libertadores;Copa Libertadores;Copa Libertadores;Copa Libertadores;Copa Libertadores;Copa Libertadores;Juvenal Juvêncio (2006-2014)
;São Paulo;;Cruzeiro;0:2;;;Juvenal Juvêncio (2006-2014)
Campeonato Brasileiro Série A;Campeonato Brasileiro Série A;Campeonato Brasileiro Série A;Campeonato Brasileiro Série A;Campeonato Brasileiro Série A;Campeonato Brasileiro Série A;Campeonato Brasileiro Série A;Juvenal Juvêncio (2006-2014)
;Corinthians (8.);;São Paulo (12.);3:1;;;Juvenal Juvêncio (2006-2014)
;São Paulo (16.);;Náutico (12.);2:0;;;Juvenal Juvêncio (2006-2014)
;Coritiba (18.);;São Paulo (11.);2:0;;;Juvenal Juvêncio (2006-2014)
;São Paulo (14.);;Flamengo (6.);2:2;;;Juvenal Juvêncio (2006-2014)
;Atlético-MG (1.);;São Paulo (14.);2:0;;;Juvenal Juvêncio (2006-2014)
;São Paulo (16.);;Santos (11.);2:1;;;Juvenal Juvêncio (2006-2014)
;Internacional (3.);;São Paulo (12.);2:2;;;Juvenal Juvêncio (2006-2014)
;Barueri (5.);;São Paulo (14.);1:2;;;Juvenal Juvêncio (2006-2014)
;São Paulo (11.);;Grêmio (8.);2:1;;;Juvenal Juvêncio (2006-2014)
;Vitória (5.);;São Paulo (11.);0:1;;;Juvenal Juvêncio (2006-2014)
;São Paulo (8.);;Botafogo (13.);3:1;;;Juvenal Juvêncio (2006-2014)
;São Paulo (5.);;Goiás (2.);3:1;;;Juvenal Juvêncio (2006-2014)
;Sport (20.);;São Paulo (5.);1:2;;;Juvenal Juvêncio (2006-2014)
;São Paulo (4.);;Fluminense (19.);1:0;;;Juvenal Juvêncio (2006-2014)
;Atlético-PR (14.);;São Paulo (3.);1:0;;;Juvenal Juvêncio (2006-2014)
;São Paulo (4.);;Palmeiras (1.);0:0;;;Juvenal Juvêncio (2006-2014)
;Cruzeiro (13.);;São Paulo (4.);1:2;;;Juvenal Juvêncio (2006-2014)
;São Paulo (3.);;Avaí (7.);2:0;;;Juvenal Juvêncio (2006-2014)
;Santo André (17.);;São Paulo (3.);1:1;;;Juvenal Juvêncio (2006-2014)
;São Paulo (2.);;Corinthians (9.);1:1;;;Juvenal Juvêncio (2006-2014)
;Náutico (16.);;São Paulo (3.);1:2;;;Juvenal Juvêncio (2006-2014)
;São Paulo (2.);;Coritiba (15.);2:2;;;Juvenal Juvêncio (2006-2014)
;Flamengo (6.);;São Paulo (2.);2:1;;;Juvenal Juvêncio (2006-2014)
;São Paulo (2.);;Atlético-MG (4.);0:1;;;Juvenal Juvêncio (2006-2014)
;Santos (13.);;São Paulo (4.);3:4;;;Juvenal Juvêncio (2006-2014)
;São Paulo (4.);;Internacional (3.);1:0;;;Juvenal Juvêncio (2006-2014)
;São Paulo (2.);;Barueri (11.);1:0;;;Juvenal Juvêncio (2006-2014)
;Grêmio (7.);;São Paulo (2.);1:1;;;Juvenal Juvêncio (2006-2014)
;São Paulo (1.);;Vitória (13.);2:0;;;Juvenal Juvêncio (2006-2014)
;Botafogo (16.);;São Paulo (1.);3:2;;;Juvenal Juvêncio (2006-2014)
;Goiás (9.);;São Paulo (1.);4:2;;;Juvenal Juvêncio (2006-2014)
;São Paulo (4.);;Sport (20.);4:0;;;Juvenal Juvêncio (2006-2014)
Campeonato Paulista;Campeonato Paulista;Campeonato Paulista;Campeonato Paulista;Campeonato Paulista;Campeonato Paulista;Campeonato Paulista;Juvenal Juvêncio (2006-2014)
;São Paulo;;Portuguesa;1:3;;;Juvenal Juvêncio (2006-2014)
;Mirassol;;São Paulo;1:1;;;Juvenal Juvêncio (2006-2014)
;São Paulo;;Rio Claro;3:0;;;Juvenal Juvêncio (2006-2014)
;São Paulo;;Paulista;3:0;;;Juvenal Juvêncio (2006-2014)
;Sertãozinho;;São Paulo;2:2;;;Juvenal Juvêncio (2006-2014)
;São Paulo;;São Caetano;3:0;;;Juvenal Juvêncio (2006-2014)
;São Paulo;;Santos;1:2;;;Juvenal Juvêncio (2006-2014)
Copa Libertadores;Copa Libertadores;Copa Libertadores;Copa Libertadores;Copa Libertadores;Copa Libertadores;Copa Libertadores;Juvenal Juvêncio (2006-2014)
;São Paulo;;Monterrey;2:0;;;Juvenal Juvêncio (2006-2014)
Campeonato Paulista;Campeonato Paulista;Campeonato Paulista;Campeonato Paulista;Campeonato Paulista;Campeonato Paulista;Campeonato Paulista;Juvenal Juvêncio (2006-2014)
;Ituano;;São Paulo;0:1;;;Juvenal Juvêncio (2006-2014)
;São Paulo;;Barueri;3:1;;;Juvenal Juvêncio (2006-2014)
;Palmeiras;;São Paulo;2:0;;;Juvenal Juvêncio (2006-2014)
Copa Libertadores;Copa Libertadores;Copa Libertadores;Copa Libertadores;Copa Libertadores;Copa Libertadores;Copa Libertadores;Juvenal Juvêncio (2006-2014)
;Once Caldas;;São Paulo;2:1;;;Juvenal Juvêncio (2006-2014)
Campeonato Paulista;Campeonato Paulista;Campeonato Paulista;Campeonato Paulista;Campeonato Paulista;Campeonato Paulista;Campeonato Paulista;Juvenal Juvêncio (2006-2014)
;São Paulo;;Monte Azul;5:1;;;Juvenal Juvêncio (2006-2014)
;Oeste;;São Paulo;0:0;;;Juvenal Juvêncio (2006-2014)
;Ponte Preta;;São Paulo;0:2;;;Juvenal Juvêncio (2006-2014)
Copa Libertadores;Copa Libertadores;Copa Libertadores;Copa Libertadores;Copa Libertadores;Copa Libertadores;Copa Libertadores;Juvenal Juvêncio (2006-2014)
;Nacional;;São Paulo;0:2;;;Juvenal Juvêncio (2006-2014)
Campeonato Paulista;Campeonato Paulista;Campeonato Paulista;Campeonato Paulista;Campeonato Paulista;Campeonato Paulista;Campeonato Paulista;Juvenal Juvêncio (2006-2014)
;São Paulo;;Rio Branco-SP;2:1;;;Juvenal Juvêncio (2006-2014)
Copa Libertadores;Copa Libertadores;Copa Libertadores;Copa Libertadores;Copa Libertadores;Copa Libertadores;Copa Libertadores;Juvenal Juvêncio (2006-2014)
;São Paulo;;Nacional;3:0;;;Juvenal Juvêncio (2006-2014)
Campeonato Paulista;Campeonato Paulista;Campeonato Paulista;Campeonato Paulista;Campeonato Paulista;Campeonato Paulista;Campeonato Paulista;Juvenal Juvêncio (2006-2014)
;São Paulo;;Mogi Mirim;3:0;;;Juvenal Juvêncio (2006-2014)
;Bragantino;;São Paulo;1:0;;;Juvenal Juvêncio (2006-2014)
;Corinthians;;São Paulo;4:3;;;Juvenal Juvêncio (2006-2014)
Copa Libertadores;Copa Libertadores;Copa Libertadores;Copa Libertadores;Copa Libertadores;Copa Libertadores;Copa Libertadores;Juvenal Juvêncio (2006-2014)
;Monterrey;;São Paulo;0:0;;;Juvenal Juvêncio (2006-2014)
Campeonato Paulista;Campeonato Paulista;Campeonato Paulista;Campeonato Paulista;Campeonato Paulista;Campeonato Paulista;Campeonato Paulista;Juvenal Juvêncio (2006-2014)
;São Paulo;;Botafogo-SP;5:0;;;Juvenal Juvêncio (2006-2014)
;Santo André;;São Paulo;1:3;;;Juvenal Juvêncio (2006-2014)
Campeonato Paulista - Série A1 - Fase final;Campeonato Paulista - Série A1 - Fase final;Campeonato Paulista - Série A1 - Fase final;Campeonato Paulista - Série A1 - Fase final;Campeonato Paulista - Série A1 - Fase final;Campeonato Paulista - Série A1 - Fase final;Campeonato Paulista - Série A1 - Fase final;Juvenal Juvêncio (2006-2014)
;São Paulo;;Santos;2:3;;;Juvenal Juvêncio (2006-2014)
;Santos;;São Paulo;3:0;;;Juvenal Juvêncio (2006-2014)
Copa Libertadores;Copa Libertadores;Copa Libertadores;Copa Libertadores;Copa Libertadores;Copa Libertadores;Copa Libertadores;Juvenal Juvêncio (2006-2014)
;São Paulo;;Once Caldas;1:0;;;Juvenal Juvêncio (2006-2014)
;Universitario;;São Paulo;0:0;;;Juvenal Juvêncio (2006-2014)
;São Paulo;;Universitario;3:1 pen.;;;Juvenal Juvêncio (2006-2014)
Campeonato Brasileiro Série A;Campeonato Brasileiro Série A;Campeonato Brasileiro Série A;Campeonato Brasileiro Série A;Campeonato Brasileiro Série A;Campeonato Brasileiro Série A;Campeonato Brasileiro Série A;Juvenal Juvêncio (2006-2014)
;Flamengo (14.);;São Paulo (9.);1:1;;;Juvenal Juvêncio (2006-2014)
Copa Libertadores;Copa Libertadores;Copa Libertadores;Copa Libertadores;Copa Libertadores;Copa Libertadores;Copa Libertadores;Juvenal Juvêncio (2006-2014)
;Cruzeiro;;São Paulo;0:2;;;Juvenal Juvêncio (2006-2014)
Campeonato Brasileiro Série A;Campeonato Brasileiro Série A;Campeonato Brasileiro Série A;Campeonato Brasileiro Série A;Campeonato Brasileiro Série A;Campeonato Brasileiro Série A;Campeonato Brasileiro Série A;Juvenal Juvêncio (2006-2014)
;São Paulo (10.);;Botafogo (9.);1:2;;;Juvenal Juvêncio (2006-2014)
Copa Libertadores;Copa Libertadores;Copa Libertadores;Copa Libertadores;Copa Libertadores;Copa Libertadores;Copa Libertadores;Juvenal Juvêncio (2006-2014)
;São Paulo;;Cruzeiro;2:0;;;Juvenal Juvêncio (2006-2014)
Campeonato Brasileiro Série A;Campeonato Brasileiro Série A;Campeonato Brasileiro Série A;Campeonato Brasileiro Série A;Campeonato Brasileiro Série A;Campeonato Brasileiro Série A;Campeonato Brasileiro Série A;Juvenal Juvêncio (2006-2014)
;Internacional (8.);;São Paulo (14.);0:2;;;Juvenal Juvêncio (2006-2014)
;São Paulo (11.);;Palmeiras (4.);1:0;;;Juvenal Juvêncio (2006-2014)
;Guarani (12.);;São Paulo (8.);0:0;;;Juvenal Juvêncio (2006-2014)
;Goiás (17.);;São Paulo (7.);2:1;;;Juvenal Juvêncio (2006-2014)
;São Paulo (11.);;Grêmio (10.);3:1;;;Juvenal Juvêncio (2006-2014)
;São Paulo (6.);;Avaí (12.);1:2;;;Juvenal Juvêncio (2006-2014)
;Vitória (16.);;São Paulo (9.);3:2;;;Juvenal Juvêncio (2006-2014)
;São Paulo (12.);;Barueri (15.);1:1;;;Juvenal Juvêncio (2006-2014)
;Santos (11.);;São Paulo (12.);1:0;;;Juvenal Juvêncio (2006-2014)
Copa Libertadores;Copa Libertadores;Copa Libertadores;Copa Libertadores;Copa Libertadores;Copa Libertadores;Copa Libertadores;Juvenal Juvêncio (2006-2014)
;Internacional;;São Paulo;1:0;;;Juvenal Juvêncio (2006-2014)
Campeonato Brasileiro Série A;Campeonato Brasileiro Série A;Campeonato Brasileiro Série A;Campeonato Brasileiro Série A;Campeonato Brasileiro Série A;Campeonato Brasileiro Série A;Campeonato Brasileiro Série A;Juvenal Juvêncio (2006-2014)
;São Paulo (14.);;Ceará (3.);2:1;;;Juvenal Juvêncio (2006-2014)
Copa Libertadores;Copa Libertadores;Copa Libertadores;Copa Libertadores;Copa Libertadores;Copa Libertadores;Copa Libertadores;Juvenal Juvêncio (2006-2014)
;São Paulo;;Internacional;2:1;;;Juvenal Juvêncio (2006-2014)
Campeonato Brasileiro Série A;Campeonato Brasileiro Série A;Campeonato Brasileiro Série A;Campeonato Brasileiro Série A;Campeonato Brasileiro Série A;Campeonato Brasileiro Série A;Campeonato Brasileiro Série A;Juvenal Juvêncio (2006-2014)
;Atlético-PR (15.);;São Paulo (9.);1:1;;;Juvenal Juvêncio (2006-2014)
;São Paulo (12.);;Cruzeiro (6.);2:2;;;Juvenal Juvêncio (2006-2014)
;Corinthians (2.);;São Paulo (13.);3:0;;;Juvenal Juvêncio (2006-2014)
;São Paulo (15.);;Vasco da Gama (9.);0:0;;;Juvenal Juvêncio (2006-2014)
;Fluminense (1.);;São Paulo (15.);2:2;;;Juvenal Juvêncio (2006-2014)
;São Paulo (15.);;Atlético-GO (19.);2:1;;;Juvenal Juvêncio (2006-2014)
;Atlético-MG (17.);;São Paulo (13.);2:3;;;Juvenal Juvêncio (2006-2014)
;São Paulo (10.);;Flamengo (14.);2:0;;;Juvenal Juvêncio (2006-2014)
;Botafogo (4.);;São Paulo (9.);2:0;;;Juvenal Juvêncio (2006-2014)
;São Paulo (10.);;Internacional (6.);1:3;;;Juvenal Juvêncio (2006-2014)
;Palmeiras (11.);;São Paulo (12.);0:2;;;Juvenal Juvêncio (2006-2014)
;São Paulo (9.);;Guarani (11.);2:1;;;Juvenal Juvêncio (2006-2014)
;São Paulo (8.);;Goiás (19.);0:3;;;Juvenal Juvêncio (2006-2014)
;Grêmio (10.);;São Paulo (9.);4:2;;;Juvenal Juvêncio (2006-2014)
;Avaí (16.);;São Paulo (11.);0:0;;;Juvenal Juvêncio (2006-2014)
;São Paulo (11.);;Vitória (14.);2:0;;;Juvenal Juvêncio (2006-2014)
;Barueri (20.);;São Paulo (11.);2:3;;;Juvenal Juvêncio (2006-2014)
;São Paulo (10.);;Santos (4.);4:3;;;Juvenal Juvêncio (2006-2014)
;Ceará (12.);;São Paulo (9.);2:0;;;Juvenal Juvêncio (2006-2014)
;São Paulo (9.);;Atlético-PR (7.);2:1;;;Juvenal Juvêncio (2006-2014)
;Cruzeiro (2.);;São Paulo (7.);0:2;;;Juvenal Juvêncio (2006-2014)
;São Paulo (7.);;Corinthians (2.);0:2;;;Juvenal Juvêncio (2006-2014)
;Vasco da Gama (11.);;São Paulo (9.);1:1;;;Juvenal Juvêncio (2006-2014)
;São Paulo (9.);;Fluminense (2.);1:4;;;Juvenal Juvêncio (2006-2014)
;Atlético-GO (15.);;São Paulo (9.);1:1;;;Juvenal Juvêncio (2006-2014)
;São Paulo (9.);;Atlético-MG (13.);4:0;;;Juvenal Juvêncio (2006-2014)
Campeonato Paulista;Campeonato Paulista;Campeonato Paulista;Campeonato Paulista;Campeonato Paulista;Campeonato Paulista;Campeonato Paulista;Juvenal Juvêncio (2006-2014)
;Mogi Mirim;;São Paulo;0:2;;;Juvenal Juvêncio (2006-2014)
;São Paulo;;São Bernardo;3:0;;;Juvenal Juvêncio (2006-2014)
;São Paulo;;Ponte Preta;0:1;;;Juvenal Juvêncio (2006-2014)
;Americana;;São Paulo;3:4;;;Juvenal Juvêncio (2006-2014)
;Santos;;São Paulo;2:0;;;Juvenal Juvêncio (2006-2014)
;São Paulo;;Linense;3:2;;;Juvenal Juvêncio (2006-2014)
;Botafogo-SP;;São Paulo;2:1;;;Juvenal Juvêncio (2006-2014)
;Portuguesa;;São Paulo;2:3;;;Juvenal Juvêncio (2006-2014)
Copa do Brasil;Copa do Brasil;Copa do Brasil;Copa do Brasil;Copa do Brasil;Copa do Brasil;Copa do Brasil;Juvenal Juvêncio (2006-2014)
;Treze;;São Paulo;0:3;;;Juvenal Juvêncio (2006-2014)
Campeonato Paulista;Campeonato Paulista;Campeonato Paulista;Campeonato Paulista;Campeonato Paulista;Campeonato Paulista;Campeonato Paulista;Juvenal Juvêncio (2006-2014)
;São Paulo;;Bragantino;4:0;;;Juvenal Juvêncio (2006-2014)
;São Paulo;;Palmeiras;1:1;;;Juvenal Juvêncio (2006-2014)
;São Caetano;;São Paulo;0:2;;;Juvenal Juvêncio (2006-2014)
;São Paulo;;Ituano;2:0;;;Juvenal Juvêncio (2006-2014)
;São Paulo;;Santo André;3:0;;;Juvenal Juvêncio (2006-2014)
;Barueri;;São Paulo;0:1;;;Juvenal Juvêncio (2006-2014)
;Paulista;;São Paulo;3:2;;;Juvenal Juvêncio (2006-2014)
;São Paulo;;Corinthians;2:1;;;Juvenal Juvêncio (2006-2014)
Copa do Brasil;Copa do Brasil;Copa do Brasil;Copa do Brasil;Copa do Brasil;Copa do Brasil;Copa do Brasil;Juvenal Juvêncio (2006-2014)
;Santa Cruz;;São Paulo;1:0;;;Juvenal Juvêncio (2006-2014)
Campeonato Paulista;Campeonato Paulista;Campeonato Paulista;Campeonato Paulista;Campeonato Paulista;Campeonato Paulista;Campeonato Paulista;Juvenal Juvêncio (2006-2014)
;São Paulo;;Mirassol;1:0;;;Juvenal Juvêncio (2006-2014)
Copa do Brasil;Copa do Brasil;Copa do Brasil;Copa do Brasil;Copa do Brasil;Copa do Brasil;Copa do Brasil;Juvenal Juvêncio (2006-2014)
;São Paulo;;Santa Cruz;2:0;;;Juvenal Juvêncio (2006-2014)
Campeonato Paulista;Campeonato Paulista;Campeonato Paulista;Campeonato Paulista;Campeonato Paulista;Campeonato Paulista;Campeonato Paulista;Juvenal Juvêncio (2006-2014)
;Noroeste;;São Paulo;1:4;;;Juvenal Juvêncio (2006-2014)
;São Paulo;;Oeste;1:1;;;Juvenal Juvêncio (2006-2014)
Copa do Brasil;Copa do Brasil;Copa do Brasil;Copa do Brasil;Copa do Brasil;Copa do Brasil;Copa do Brasil;Juvenal Juvêncio (2006-2014)
;Goiás;;São Paulo;0:1;;;Juvenal Juvêncio (2006-2014)
Campeonato Paulista - Série A1 - Fase final;Campeonato Paulista - Série A1 - Fase final;Campeonato Paulista - Série A1 - Fase final;Campeonato Paulista - Série A1 - Fase final;Campeonato Paulista - Série A1 - Fase final;Campeonato Paulista - Série A1 - Fase final;Campeonato Paulista - Série A1 - Fase final;Juvenal Juvêncio (2006-2014)
;São Paulo;;Portuguesa;2:0;;;Juvenal Juvêncio (2006-2014)
Copa do Brasil;Copa do Brasil;Copa do Brasil;Copa do Brasil;Copa do Brasil;Copa do Brasil;Copa do Brasil;Juvenal Juvêncio (2006-2014)
;São Paulo;;Goiás;1:0;;;Juvenal Juvêncio (2006-2014)
Campeonato Paulista - Série A1 - Fase final;Campeonato Paulista - Série A1 - Fase final;Campeonato Paulista - Série A1 - Fase final;Campeonato Paulista - Série A1 - Fase final;Campeonato Paulista - Série A1 - Fase final;Campeonato Paulista - Série A1 - Fase final;Campeonato Paulista - Série A1 - Fase final;Juvenal Juvêncio (2006-2014)
;São Paulo;;Santos;0:2;;;Juvenal Juvêncio (2006-2014)
Copa do Brasil;Copa do Brasil;Copa do Brasil;Copa do Brasil;Copa do Brasil;Copa do Brasil;Copa do Brasil;Juvenal Juvêncio (2006-2014)
;São Paulo;;Avaí;1:0;;;Juvenal Juvêncio (2006-2014)
;Avaí;;São Paulo;3:1;;;Juvenal Juvêncio (2006-2014)
Campeonato Brasileiro Série A;Campeonato Brasileiro Série A;Campeonato Brasileiro Série A;Campeonato Brasileiro Série A;Campeonato Brasileiro Série A;Campeonato Brasileiro Série A;Campeonato Brasileiro Série A;Juvenal Juvêncio (2006-2014)
;Fluminense (3.);;São Paulo (6.);0:2;;;Juvenal Juvêncio (2006-2014)
;São Paulo (4.);;Figueirense (8.);1:0;;;Juvenal Juvêncio (2006-2014)
;Atlético-MG (1.);;São Paulo (3.);0:1;;;Juvenal Juvêncio (2006-2014)
;São Paulo (1.);;Grêmio (5.);3:1;;;Juvenal Juvêncio (2006-2014)
;Ceará (15.);;São Paulo (1.);0:2;;;Juvenal Juvêncio (2006-2014)
;Corinthians (3.);;São Paulo (1.);5:0;;;Juvenal Juvêncio (2006-2014)
;São Paulo (1.);;Botafogo (4.);0:2;;;Juvenal Juvêncio (2006-2014)
;Flamengo (6.);;São Paulo (2.);1:0;;;Juvenal Juvêncio (2006-2014)
;São Paulo (3.);;Cruzeiro (9.);2:1;;;Juvenal Juvêncio (2006-2014)
;Internacional (6.);;São Paulo (3.);0:3;;;Juvenal Juvêncio (2006-2014)
;São Paulo (2.);;Atlético-GO (17.);2:2;;;Juvenal Juvêncio (2006-2014)
;Coritiba (14.);;São Paulo (2.);3:4;;;Juvenal Juvêncio (2006-2014)
;São Paulo (2.);;Vasco da Gama (5.);0:2;;;Juvenal Juvêncio (2006-2014)
;São Paulo (3.);;Bahia (15.);3:0;;;Juvenal Juvêncio (2006-2014)
;Avaí (18.);;São Paulo (3.);1:2;;;Juvenal Juvêncio (2006-2014)
Copa Sul-Americana;Copa Sul-Americana;Copa Sul-Americana;Copa Sul-Americana;Copa Sul-Americana;Copa Sul-Americana;Copa Sul-Americana;Juvenal Juvêncio (2006-2014)
;Ceará;;São Paulo;2:1;;;Juvenal Juvêncio (2006-2014)
Campeonato Brasileiro Série A;Campeonato Brasileiro Série A;Campeonato Brasileiro Série A;Campeonato Brasileiro Série A;Campeonato Brasileiro Série A;Campeonato Brasileiro Série A;Campeonato Brasileiro Série A;Juvenal Juvêncio (2006-2014)
;São Paulo (3.);;Atlético-PR (19.);2:2;;;Juvenal Juvêncio (2006-2014)
;América-MG (20.);;São Paulo (3.);1:1;;;Juvenal Juvêncio (2006-2014)
;São Paulo (3.);;Palmeiras (6.);1:1;;;Juvenal Juvêncio (2006-2014)
Copa Sul-Americana;Copa Sul-Americana;Copa Sul-Americana;Copa Sul-Americana;Copa Sul-Americana;Copa Sul-Americana;Copa Sul-Americana;Juvenal Juvêncio (2006-2014)
;São Paulo;;Ceará;3:0;;;Juvenal Juvêncio (2006-2014)
Campeonato Brasileiro Série A;Campeonato Brasileiro Série A;Campeonato Brasileiro Série A;Campeonato Brasileiro Série A;Campeonato Brasileiro Série A;Campeonato Brasileiro Série A;Campeonato Brasileiro Série A;Juvenal Juvêncio (2006-2014)
;Santos (14.);;São Paulo (3.);1:1;;;Juvenal Juvêncio (2006-2014)
;São Paulo (3.);;Fluminense (11.);1:2;;;Juvenal Juvêncio (2006-2014)
;Figueirense (7.);;São Paulo (5.);1:2;;;Juvenal Juvêncio (2006-2014)
;São Paulo (2.);;Atlético-MG (17.);2:1;;;Juvenal Juvêncio (2006-2014)
;Grêmio (9.);;São Paulo (2.);1:0;;;Juvenal Juvêncio (2006-2014)
;São Paulo (3.);;Ceará (15.);4:0;;;Juvenal Juvêncio (2006-2014)
;São Paulo (2.);;Corinthians (3.);0:0;;;Juvenal Juvêncio (2006-2014)
;Botafogo (3.);;São Paulo (2.);2:2;;;Juvenal Juvêncio (2006-2014)
;São Paulo (3.);;Flamengo (6.);1:2;;;Juvenal Juvêncio (2006-2014)
;Cruzeiro (16.);;São Paulo (3.);3:3;;;Juvenal Juvêncio (2006-2014)
;São Paulo (3.);;Internacional (7.);0:0;;;Juvenal Juvêncio (2006-2014)
;Atlético-GO (13.);;São Paulo (4.);3:0;;;Juvenal Juvêncio (2006-2014)
Copa Sul-Americana;Copa Sul-Americana;Copa Sul-Americana;Copa Sul-Americana;Copa Sul-Americana;Copa Sul-Americana;Copa Sul-Americana;Juvenal Juvêncio (2006-2014)
;São Paulo;;Libertad;1:0;;;Juvenal Juvêncio (2006-2014)
Campeonato Brasileiro Série A;Campeonato Brasileiro Série A;Campeonato Brasileiro Série A;Campeonato Brasileiro Série A;Campeonato Brasileiro Série A;Campeonato Brasileiro Série A;Campeonato Brasileiro Série A;Juvenal Juvêncio (2006-2014)
;São Paulo (6.);;Coritiba (12.);0:0;;;Juvenal Juvêncio (2006-2014)
Copa Sul-Americana;Copa Sul-Americana;Copa Sul-Americana;Copa Sul-Americana;Copa Sul-Americana;Copa Sul-Americana;Copa Sul-Americana;Juvenal Juvêncio (2006-2014)
;Libertad;;São Paulo;2:0;;;Juvenal Juvêncio (2006-2014)
Campeonato Brasileiro Série A;Campeonato Brasileiro Série A;Campeonato Brasileiro Série A;Campeonato Brasileiro Série A;Campeonato Brasileiro Série A;Campeonato Brasileiro Série A;Campeonato Brasileiro Série A;Juvenal Juvêncio (2006-2014)
;Vasco da Gama (1.);;São Paulo (6.);0:0;;;Juvenal Juvêncio (2006-2014)
;Bahia (15.);;São Paulo (7.);4:3;;;Juvenal Juvêncio (2006-2014)
;São Paulo (8.);;Avaí (19.);2:0;;;Juvenal Juvêncio (2006-2014)
;Atlético-PR (18.);;São Paulo (7.);1:0;;;Juvenal Juvêncio (2006-2014)
;São Paulo (8.);;América-MG (19.);3:1;;;Juvenal Juvêncio (2006-2014)
;Palmeiras (12.);;São Paulo (7.);1:0;;;Juvenal Juvêncio (2006-2014)
;São Paulo (8.);;Santos (10.);4:1;;;Juvenal Juvêncio (2006-2014)
Campeonato Paulista;Campeonato Paulista;Campeonato Paulista;Campeonato Paulista;Campeonato Paulista;Campeonato Paulista;Campeonato Paulista;Juvenal Juvêncio (2006-2014)
;São Paulo;;Botafogo-SP;4:0;;;Juvenal Juvêncio (2006-2014)
;Oeste;;São Paulo;2:3;;;Juvenal Juvêncio (2006-2014)
;São Paulo;;São Caetano;2:1;;;Juvenal Juvêncio (2006-2014)
;São Paulo;;Guarani;1:1;;;Juvenal Juvêncio (2006-2014)
;Ponte Preta;;São Paulo;1:3;;;Juvenal Juvêncio (2006-2014)
;São Paulo;;Comercial-SP;1:1;;;Juvenal Juvêncio (2006-2014)
;Corinthians;;São Paulo;1:0;;;Juvenal Juvêncio (2006-2014)
;São Paulo;;Paulista;3:1;;;Juvenal Juvêncio (2006-2014)
;Bragantino;;São Paulo;3:3;;;Juvenal Juvêncio (2006-2014)
;Palmeiras;;São Paulo;3:3;;;Juvenal Juvêncio (2006-2014)
;São Paulo;;Guaratinguetá;3:0;;;Juvenal Juvêncio (2006-2014)
;XV Piracicaba;;São Paulo;0:1;;;Juvenal Juvêncio (2006-2014)
Copa do Brasil;Copa do Brasil;Copa do Brasil;Copa do Brasil;Copa do Brasil;Copa do Brasil;Copa do Brasil;Juvenal Juvêncio (2006-2014)
;Independente-PA;;São Paulo;0:1;;;Juvenal Juvêncio (2006-2014)
Campeonato Paulista;Campeonato Paulista;Campeonato Paulista;Campeonato Paulista;Campeonato Paulista;Campeonato Paulista;Campeonato Paulista;Juvenal Juvêncio (2006-2014)
;São Paulo;;Portuguesa;2:1;;;Juvenal Juvêncio (2006-2014)
Copa do Brasil;Copa do Brasil;Copa do Brasil;Copa do Brasil;Copa do Brasil;Copa do Brasil;Copa do Brasil;Juvenal Juvêncio (2006-2014)
;São Paulo;;Independente-PA;4:0;;;Juvenal Juvêncio (2006-2014)
Campeonato Paulista;Campeonato Paulista;Campeonato Paulista;Campeonato Paulista;Campeonato Paulista;Campeonato Paulista;Campeonato Paulista;Juvenal Juvêncio (2006-2014)
;São Paulo;;Santos;3:2;;;Juvenal Juvêncio (2006-2014)
;Mirassol;;São Paulo;0:1;;;Juvenal Juvêncio (2006-2014)
;São Paulo;;Catanduvense;2:0;;;Juvenal Juvêncio (2006-2014)
;Ituano;;São Paulo;2:4;;;Juvenal Juvêncio (2006-2014)
;São Paulo;;Mogi Mirim;2:0;;;Juvenal Juvêncio (2006-2014)
Copa do Brasil;Copa do Brasil;Copa do Brasil;Copa do Brasil;Copa do Brasil;Copa do Brasil;Copa do Brasil;Juvenal Juvêncio (2006-2014)
;Bahia de Feira;;São Paulo;2:5;;;Juvenal Juvêncio (2006-2014)
Campeonato Paulista;Campeonato Paulista;Campeonato Paulista;Campeonato Paulista;Campeonato Paulista;Campeonato Paulista;Campeonato Paulista;Juvenal Juvêncio (2006-2014)
;Linense;;São Paulo;2:1;;;Juvenal Juvêncio (2006-2014)
Campeonato Paulista - Série A1 - Fase final;Campeonato Paulista - Série A1 - Fase final;Campeonato Paulista - Série A1 - Fase final;Campeonato Paulista - Série A1 - Fase final;Campeonato Paulista - Série A1 - Fase final;Campeonato Paulista - Série A1 - Fase final;Campeonato Paulista - Série A1 - Fase final;Juvenal Juvêncio (2006-2014)
;São Paulo;;Bragantino;4:1;;;Juvenal Juvêncio (2006-2014)
;São Paulo;;Santos;1:3;;;Juvenal Juvêncio (2006-2014)
Copa do Brasil;Copa do Brasil;Copa do Brasil;Copa do Brasil;Copa do Brasil;Copa do Brasil;Copa do Brasil;Juvenal Juvêncio (2006-2014)
;Ponte Preta;;São Paulo;1:0;;;Juvenal Juvêncio (2006-2014)
;São Paulo;;Ponte Preta;3:1;;;Juvenal Juvêncio (2006-2014)
;São Paulo;;Goiás;2:0;;;Juvenal Juvêncio (2006-2014)
Campeonato Brasileiro Série A;Campeonato Brasileiro Série A;Campeonato Brasileiro Série A;Campeonato Brasileiro Série A;Campeonato Brasileiro Série A;Campeonato Brasileiro Série A;Campeonato Brasileiro Série A;Juvenal Juvêncio (2006-2014)
;Botafogo (7.);;São Paulo (4.);4:2;;;Juvenal Juvêncio (2006-2014)
Copa do Brasil;Copa do Brasil;Copa do Brasil;Copa do Brasil;Copa do Brasil;Copa do Brasil;Copa do Brasil;Juvenal Juvêncio (2006-2014)
;Goiás;;São Paulo;2:2;;;Juvenal Juvêncio (2006-2014)
Campeonato Brasileiro Série A;Campeonato Brasileiro Série A;Campeonato Brasileiro Série A;Campeonato Brasileiro Série A;Campeonato Brasileiro Série A;Campeonato Brasileiro Série A;Campeonato Brasileiro Série A;Juvenal Juvêncio (2006-2014)
;São Paulo (19.);;Bahia (12.);1:0;;;Juvenal Juvêncio (2006-2014)
;Internacional (4.);;São Paulo (8.);1:0;;;Juvenal Juvêncio (2006-2014)
;São Paulo (11.);;Santos (13.);1:0;;;Juvenal Juvêncio (2006-2014)
Copa do Brasil;Copa do Brasil;Copa do Brasil;Copa do Brasil;Copa do Brasil;Copa do Brasil;Copa do Brasil;Juvenal Juvêncio (2006-2014)
;São Paulo;;Coritiba;1:0;;;Juvenal Juvêncio (2006-2014)
Campeonato Brasileiro Série A;Campeonato Brasileiro Série A;Campeonato Brasileiro Série A;Campeonato Brasileiro Série A;Campeonato Brasileiro Série A;Campeonato Brasileiro Série A;Campeonato Brasileiro Série A;Juvenal Juvêncio (2006-2014)
;São Paulo (7.);;Atlético-MG (2.);1:0;;;Juvenal Juvêncio (2006-2014)
Copa do Brasil;Copa do Brasil;Copa do Brasil;Copa do Brasil;Copa do Brasil;Copa do Brasil;Copa do Brasil;Juvenal Juvêncio (2006-2014)
;Coritiba;;São Paulo;2:0;;;Juvenal Juvêncio (2006-2014)
Campeonato Brasileiro Série A;Campeonato Brasileiro Série A;Campeonato Brasileiro Série A;Campeonato Brasileiro Série A;Campeonato Brasileiro Série A;Campeonato Brasileiro Série A;Campeonato Brasileiro Série A;Juvenal Juvêncio (2006-2014)
;Portuguesa (16.);;São Paulo (6.);1:0;;;Juvenal Juvêncio (2006-2014)
;Cruzeiro (1.);;São Paulo (8.);2:3;;;Juvenal Juvêncio (2006-2014)
;São Paulo (7.);;Coritiba (13.);3:1;;;Juvenal Juvêncio (2006-2014)
;Palmeiras (18.);;São Paulo (5.);1:1;;;Juvenal Juvêncio (2006-2014)
;São Paulo (5.);;Vasco da Gama (2.);0:1;;;Juvenal Juvêncio (2006-2014)
;Figueirense (17.);;São Paulo (7.);0:2;;;Juvenal Juvêncio (2006-2014)
;Atlético-GO (20.);;São Paulo (6.);4:3;;;Juvenal Juvêncio (2006-2014)
;São Paulo (7.);;Flamengo (10.);4:1;;;Juvenal Juvêncio (2006-2014)
Copa Sul-Americana;Copa Sul-Americana;Copa Sul-Americana;Copa Sul-Americana;Copa Sul-Americana;Copa Sul-Americana;Copa Sul-Americana;Juvenal Juvêncio (2006-2014)
;Bahia;;São Paulo;0:2;;;Juvenal Juvêncio (2006-2014)
Campeonato Brasileiro Série A;Campeonato Brasileiro Série A;Campeonato Brasileiro Série A;Campeonato Brasileiro Série A;Campeonato Brasileiro Série A;Campeonato Brasileiro Série A;Campeonato Brasileiro Série A;Juvenal Juvêncio (2006-2014)
;São Paulo (7.);;Sport (13.);1:0;;;Juvenal Juvêncio (2006-2014)
;Fluminense (3.);;São Paulo (6.);2:1;;;Juvenal Juvêncio (2006-2014)
;São Paulo (6.);;Grêmio (4.);1:2;;;Juvenal Juvêncio (2006-2014)
;Náutico (13.);;São Paulo (7.);3:0;;;Juvenal Juvêncio (2006-2014)
;São Paulo (8.);;Ponte Preta (13.);3:0;;;Juvenal Juvêncio (2006-2014)
Copa Sul-Americana;Copa Sul-Americana;Copa Sul-Americana;Copa Sul-Americana;Copa Sul-Americana;Copa Sul-Americana;Copa Sul-Americana;Juvenal Juvêncio (2006-2014)
;São Paulo;;Bahia;2:0;;;Juvenal Juvêncio (2006-2014)
Campeonato Brasileiro Série A;Campeonato Brasileiro Série A;Campeonato Brasileiro Série A;Campeonato Brasileiro Série A;Campeonato Brasileiro Série A;Campeonato Brasileiro Série A;Campeonato Brasileiro Série A;Juvenal Juvêncio (2006-2014)
;Corinthians (10.);;São Paulo (6.);1:2;;;Juvenal Juvêncio (2006-2014)
;São Paulo (5.);;Botafogo (8.);4:0;;;Juvenal Juvêncio (2006-2014)
;Bahia (16.);;São Paulo (5.);1:0;;;Juvenal Juvêncio (2006-2014)
;São Paulo (5.);;Internacional (7.);1:1;;;Juvenal Juvêncio (2006-2014)
;Santos (14.);;São Paulo (5.);0:0;;;Juvenal Juvêncio (2006-2014)
;Atlético-MG (2.);;São Paulo (6.);1:0;;;Juvenal Juvêncio (2006-2014)
;São Paulo (6.);;Portuguesa (13.);3:1;;;Juvenal Juvêncio (2006-2014)
;São Paulo (5.);;Cruzeiro (8.);1:0;;;Juvenal Juvêncio (2006-2014)
Copa Sul-Americana;Copa Sul-Americana;Copa Sul-Americana;Copa Sul-Americana;Copa Sul-Americana;Copa Sul-Americana;Copa Sul-Americana;Juvenal Juvêncio (2006-2014)
;LDU de Loja;;São Paulo;1:1;;;Juvenal Juvêncio (2006-2014)
Campeonato Brasileiro Série A;Campeonato Brasileiro Série A;Campeonato Brasileiro Série A;Campeonato Brasileiro Série A;Campeonato Brasileiro Série A;Campeonato Brasileiro Série A;Campeonato Brasileiro Série A;Juvenal Juvêncio (2006-2014)
;Coritiba (16.);;São Paulo (5.);1:1;;;Juvenal Juvêncio (2006-2014)
;São Paulo (5.);;Palmeiras (18.);3:0;;;Juvenal Juvêncio (2006-2014)
;Vasco da Gama (4.);;São Paulo (5.);0:2;;;Juvenal Juvêncio (2006-2014)
;São Paulo (5.);;Figueirense (19.);2:0;;;Juvenal Juvêncio (2006-2014)
;São Paulo (4.);;Atlético-GO (20.);2:0;;;Juvenal Juvêncio (2006-2014)
;Flamengo (15.);;São Paulo (4.);1:0;;;Juvenal Juvêncio (2006-2014)
Copa Sul-Americana;Copa Sul-Americana;Copa Sul-Americana;Copa Sul-Americana;Copa Sul-Americana;Copa Sul-Americana;Copa Sul-Americana;Juvenal Juvêncio (2006-2014)
;São Paulo;;LDU de Loja;0:0;;;Juvenal Juvêncio (2006-2014)
Campeonato Brasileiro Série A;Campeonato Brasileiro Série A;Campeonato Brasileiro Série A;Campeonato Brasileiro Série A;Campeonato Brasileiro Série A;Campeonato Brasileiro Série A;Campeonato Brasileiro Série A;Juvenal Juvêncio (2006-2014)
;Sport (17.);;São Paulo (4.);2:4;;;Juvenal Juvêncio (2006-2014)
Copa Sul-Americana;Copa Sul-Americana;Copa Sul-Americana;Copa Sul-Americana;Copa Sul-Americana;Copa Sul-Americana;Copa Sul-Americana;Juvenal Juvêncio (2006-2014)
;U. de Chile;;São Paulo;0:2;;;Juvenal Juvêncio (2006-2014)
Campeonato Brasileiro Série A;Campeonato Brasileiro Série A;Campeonato Brasileiro Série A;Campeonato Brasileiro Série A;Campeonato Brasileiro Série A;Campeonato Brasileiro Série A;Campeonato Brasileiro Série A;Juvenal Juvêncio (2006-2014)
;São Paulo (4.);;Fluminense (1.);1:1;;;Juvenal Juvêncio (2006-2014)
Copa Sul-Americana;Copa Sul-Americana;Copa Sul-Americana;Copa Sul-Americana;Copa Sul-Americana;Copa Sul-Americana;Copa Sul-Americana;Juvenal Juvêncio (2006-2014)
;São Paulo;;U. de Chile;5:0;;;Juvenal Juvêncio (2006-2014)
Campeonato Brasileiro Série A;Campeonato Brasileiro Série A;Campeonato Brasileiro Série A;Campeonato Brasileiro Série A;Campeonato Brasileiro Série A;Campeonato Brasileiro Série A;Campeonato Brasileiro Série A;Juvenal Juvêncio (2006-2014)
;Grêmio (3.);;São Paulo (4.);2:1;;;Juvenal Juvêncio (2006-2014)
;São Paulo (4.);;Náutico (13.);2:1;;;Juvenal Juvêncio (2006-2014)
Copa Sul-Americana;Copa Sul-Americana;Copa Sul-Americana;Copa Sul-Americana;Copa Sul-Americana;Copa Sul-Americana;Copa Sul-Americana;Juvenal Juvêncio (2006-2014)
;Univ. Católica;;São Paulo;1:1;;;Juvenal Juvêncio (2006-2014)
Campeonato Brasileiro Série A;Campeonato Brasileiro Série A;Campeonato Brasileiro Série A;Campeonato Brasileiro Série A;Campeonato Brasileiro Série A;Campeonato Brasileiro Série A;Campeonato Brasileiro Série A;Juvenal Juvêncio (2006-2014)
;Ponte Preta (12.);;São Paulo (4.);0:0;;;Juvenal Juvêncio (2006-2014)
Copa Sul-Americana;Copa Sul-Americana;Copa Sul-Americana;Copa Sul-Americana;Copa Sul-Americana;Copa Sul-Americana;Copa Sul-Americana;Juvenal Juvêncio (2006-2014)
;São Paulo;;Univ. Católica;0:0;;;Juvenal Juvêncio (2006-2014)
Campeonato Brasileiro Série A;Campeonato Brasileiro Série A;Campeonato Brasileiro Série A;Campeonato Brasileiro Série A;Campeonato Brasileiro Série A;Campeonato Brasileiro Série A;Campeonato Brasileiro Série A;Juvenal Juvêncio (2006-2014)
;São Paulo (4.);;Corinthians (5.);3:1;;;Juvenal Juvêncio (2006-2014)
Copa Sul-Americana;Copa Sul-Americana;Copa Sul-Americana;Copa Sul-Americana;Copa Sul-Americana;Copa Sul-Americana;Copa Sul-Americana;Juvenal Juvêncio (2006-2014)
;Tigre;;São Paulo;0:0;;;Juvenal Juvêncio (2006-2014)
;São Paulo;;Tigre;2:0;;;Juvenal Juvêncio (2006-2014)
Campeonato Paulista;Campeonato Paulista;Campeonato Paulista;Campeonato Paulista;Campeonato Paulista;Campeonato Paulista;Campeonato Paulista;Juvenal Juvêncio (2006-2014)
;São Paulo;;Mirassol;2:0;;;Juvenal Juvêncio (2006-2014)
Copa Libertadores;Copa Libertadores;Copa Libertadores;Copa Libertadores;Copa Libertadores;Copa Libertadores;Copa Libertadores;Juvenal Juvêncio (2006-2014)
;São Paulo;;Bolívar;5:0;;;Juvenal Juvêncio (2006-2014)
Campeonato Paulista;Campeonato Paulista;Campeonato Paulista;Campeonato Paulista;Campeonato Paulista;Campeonato Paulista;Campeonato Paulista;Juvenal Juvêncio (2006-2014)
;São Paulo;;Atl. Sorocaba;2:1;;;Juvenal Juvêncio (2006-2014)
Copa Libertadores;Copa Libertadores;Copa Libertadores;Copa Libertadores;Copa Libertadores;Copa Libertadores;Copa Libertadores;Juvenal Juvêncio (2006-2014)
;Bolívar;;São Paulo;4:3;;;Juvenal Juvêncio (2006-2014)
Campeonato Paulista;Campeonato Paulista;Campeonato Paulista;Campeonato Paulista;Campeonato Paulista;Campeonato Paulista;Campeonato Paulista;Juvenal Juvêncio (2006-2014)
;Santos;;São Paulo;3:1;;;Juvenal Juvêncio (2006-2014)
;São Paulo;;Ponte Preta;0:0;;;Juvenal Juvêncio (2006-2014)
;Guarani;;São Paulo;1:2;;;Juvenal Juvêncio (2006-2014)
Copa Libertadores;Copa Libertadores;Copa Libertadores;Copa Libertadores;Copa Libertadores;Copa Libertadores;Copa Libertadores;Juvenal Juvêncio (2006-2014)
;Atlético-MG;;São Paulo;2:1;;;Juvenal Juvêncio (2006-2014)
Campeonato Paulista;Campeonato Paulista;Campeonato Paulista;Campeonato Paulista;Campeonato Paulista;Campeonato Paulista;Campeonato Paulista;Juvenal Juvêncio (2006-2014)
;São Paulo;;Ituano;3:2;;;Juvenal Juvêncio (2006-2014)
;São Caetano;;São Paulo;2:4;;;Juvenal Juvêncio (2006-2014)
;São Paulo;;Linense;3:0;;;Juvenal Juvêncio (2006-2014)
Copa Libertadores;Copa Libertadores;Copa Libertadores;Copa Libertadores;Copa Libertadores;Copa Libertadores;Copa Libertadores;Juvenal Juvêncio (2006-2014)
;São Paulo;;The Strongest;2:1;;;Juvenal Juvêncio (2006-2014)
Campeonato Paulista;Campeonato Paulista;Campeonato Paulista;Campeonato Paulista;Campeonato Paulista;Campeonato Paulista;Campeonato Paulista;Juvenal Juvêncio (2006-2014)
;Penapolense;;São Paulo;0:2;;;Juvenal Juvêncio (2006-2014)
Copa Libertadores;Copa Libertadores;Copa Libertadores;Copa Libertadores;Copa Libertadores;Copa Libertadores;Copa Libertadores;Juvenal Juvêncio (2006-2014)
;São Paulo;;Arsenal Sarandí;1:1;;;Juvenal Juvêncio (2006-2014)
Campeonato Paulista;Campeonato Paulista;Campeonato Paulista;Campeonato Paulista;Campeonato Paulista;Campeonato Paulista;Campeonato Paulista;Juvenal Juvêncio (2006-2014)
;São Paulo;;Palmeiras;0:0;;;Juvenal Juvêncio (2006-2014)
Copa Libertadores;Copa Libertadores;Copa Libertadores;Copa Libertadores;Copa Libertadores;Copa Libertadores;Copa Libertadores;Juvenal Juvêncio (2006-2014)
;Arsenal Sarandí;;São Paulo;2:1;;;Juvenal Juvêncio (2006-2014)
Campeonato Paulista;Campeonato Paulista;Campeonato Paulista;Campeonato Paulista;Campeonato Paulista;Campeonato Paulista;Campeonato Paulista;Juvenal Juvêncio (2006-2014)
;São Paulo;;Oeste;3:2;;;Juvenal Juvêncio (2006-2014)
;São Bernardo;;São Paulo;1:2;;;Juvenal Juvêncio (2006-2014)
;São Paulo;;Bragantino;2:0;;;Juvenal Juvêncio (2006-2014)
;Paulista;;São Paulo;0:2;;;Juvenal Juvêncio (2006-2014)
;São Paulo;;Corinthians;1:2;;;Juvenal Juvêncio (2006-2014)
Copa Libertadores;Copa Libertadores;Copa Libertadores;Copa Libertadores;Copa Libertadores;Copa Libertadores;Copa Libertadores;Juvenal Juvêncio (2006-2014)
;The Strongest;;São Paulo;2:1;;;Juvenal Juvêncio (2006-2014)
Campeonato Paulista;Campeonato Paulista;Campeonato Paulista;Campeonato Paulista;Campeonato Paulista;Campeonato Paulista;Campeonato Paulista;Juvenal Juvêncio (2006-2014)
;Botafogo-SP;;São Paulo;1:3;;;Juvenal Juvêncio (2006-2014)
;Barbarense;;São Paulo;1:2;;;Juvenal Juvêncio (2006-2014)
;São Paulo;;XV Piracicaba;0:1;;;Juvenal Juvêncio (2006-2014)
Copa Libertadores;Copa Libertadores;Copa Libertadores;Copa Libertadores;Copa Libertadores;Copa Libertadores;Copa Libertadores;Juvenal Juvêncio (2006-2014)
;São Paulo;;Atlético-MG;2:0;;;Juvenal Juvêncio (2006-2014)
Campeonato Paulista;Campeonato Paulista;Campeonato Paulista;Campeonato Paulista;Campeonato Paulista;Campeonato Paulista;Campeonato Paulista;Juvenal Juvêncio (2006-2014)
;Mogi Mirim;;São Paulo;1:0;;;Juvenal Juvêncio (2006-2014)
Campeonato Paulista - Série A1 - Fase final;Campeonato Paulista - Série A1 - Fase final;Campeonato Paulista - Série A1 - Fase final;Campeonato Paulista - Série A1 - Fase final;Campeonato Paulista - Série A1 - Fase final;Campeonato Paulista - Série A1 - Fase final;Campeonato Paulista - Série A1 - Fase final;Juvenal Juvêncio (2006-2014)
;São Paulo;;Penapolense;1:0;;;Juvenal Juvêncio (2006-2014)
Copa Libertadores;Copa Libertadores;Copa Libertadores;Copa Libertadores;Copa Libertadores;Copa Libertadores;Copa Libertadores;Juvenal Juvêncio (2006-2014)
;São Paulo;;Atlético-MG;1:2;;;Juvenal Juvêncio (2006-2014)
Campeonato Paulista - Série A1 - Fase final;Campeonato Paulista - Série A1 - Fase final;Campeonato Paulista - Série A1 - Fase final;Campeonato Paulista - Série A1 - Fase final;Campeonato Paulista - Série A1 - Fase final;Campeonato Paulista - Série A1 - Fase final;Campeonato Paulista - Série A1 - Fase final;Juvenal Juvêncio (2006-2014)
;São Paulo;;Corinthians;3:4 pen.;;;Juvenal Juvêncio (2006-2014)
Copa Libertadores;Copa Libertadores;Copa Libertadores;Copa Libertadores;Copa Libertadores;Copa Libertadores;Copa Libertadores;Juvenal Juvêncio (2006-2014)
;Atlético-MG;;São Paulo;4:1;;;Juvenal Juvêncio (2006-2014)
Campeonato Brasileiro Série A;Campeonato Brasileiro Série A;Campeonato Brasileiro Série A;Campeonato Brasileiro Série A;Campeonato Brasileiro Série A;Campeonato Brasileiro Série A;Campeonato Brasileiro Série A;Juvenal Juvêncio (2006-2014)
;Ponte Preta (19.);;São Paulo (9.);0:2;;;Juvenal Juvêncio (2006-2014)
;São Paulo (3.);;Vasco da Gama (7.);5:1;;;Juvenal Juvêncio (2006-2014)
;Atlético-MG (7.);;São Paulo (1.);0:0;;;Juvenal Juvêncio (2006-2014)
;São Paulo (1.);;Goiás (17.);0:1;;;Juvenal Juvêncio (2006-2014)
;Grêmio (6.);;São Paulo (3.);1:1;;;Juvenal Juvêncio (2006-2014)
Recopa Sul-Americana;Recopa Sul-Americana;Recopa Sul-Americana;Recopa Sul-Americana;Recopa Sul-Americana;Recopa Sul-Americana;Recopa Sul-Americana;Juvenal Juvêncio (2006-2014)
;São Paulo;;Corinthians;1:2;;;Juvenal Juvêncio (2006-2014)
Campeonato Brasileiro Série A;Campeonato Brasileiro Série A;Campeonato Brasileiro Série A;Campeonato Brasileiro Série A;Campeonato Brasileiro Série A;Campeonato Brasileiro Série A;Campeonato Brasileiro Série A;Juvenal Juvêncio (2006-2014)
;São Paulo (6.);;Santos (14.);0:2;;;Juvenal Juvêncio (2006-2014)
;São Paulo (15.);;Bahia (4.);1:2;;;Juvenal Juvêncio (2006-2014)
;Vitória (3.);;São Paulo (9.);3:2;;;Juvenal Juvêncio (2006-2014)
Recopa Sul-Americana;Recopa Sul-Americana;Recopa Sul-Americana;Recopa Sul-Americana;Recopa Sul-Americana;Recopa Sul-Americana;Recopa Sul-Americana;Juvenal Juvêncio (2006-2014)
;Corinthians;;São Paulo;2:0;;;Juvenal Juvêncio (2006-2014)
Campeonato Brasileiro Série A;Campeonato Brasileiro Série A;Campeonato Brasileiro Série A;Campeonato Brasileiro Série A;Campeonato Brasileiro Série A;Campeonato Brasileiro Série A;Campeonato Brasileiro Série A;Juvenal Juvêncio (2006-2014)
;São Paulo (13.);;Cruzeiro (4.);0:3;;;Juvenal Juvêncio (2006-2014)
;São Paulo (15.);;Internacional (9.);0:1;;;Juvenal Juvêncio (2006-2014)
;Corinthians (12.);;São Paulo (15.);0:0;;;Juvenal Juvêncio (2006-2014)
J. League Cup / Copa Sudamericana Supercup;J. League Cup / Copa Sudamericana Supercup;J. League Cup / Copa Sudamericana Supercup;J. League Cup / Copa Sudamericana Supercup;J. League Cup / Copa Sudamericana Supercup;J. League Cup / Copa Sudamericana Supercup;J. League Cup / Copa Sudamericana Supercup;Juvenal Juvêncio (2006-2014)
;Kashima Antlers;;São Paulo;3:2;;;Juvenal Juvêncio (2006-2014)
Campeonato Brasileiro Série A;Campeonato Brasileiro Série A;Campeonato Brasileiro Série A;Campeonato Brasileiro Série A;Campeonato Brasileiro Série A;Campeonato Brasileiro Série A;Campeonato Brasileiro Série A;Juvenal Juvêncio (2006-2014)
;Portuguesa (20.);;São Paulo (15.);2:1;;;Juvenal Juvêncio (2006-2014)
;São Paulo (17.);;Atlético-PR (5.);1:1;;;Juvenal Juvêncio (2006-2014)
;Flamengo (16.);;São Paulo (18.);0:0;;;Juvenal Juvêncio (2006-2014)
;São Paulo (18.);;Fluminense (14.);2:1;;;Juvenal Juvêncio (2006-2014)
;Botafogo (2.);;São Paulo (16.);0:0;;;Juvenal Juvêncio (2006-2014)
;Náutico (18.);;São Paulo (17.);0:1;;;Juvenal Juvêncio (2006-2014)
;São Paulo (16.);;Criciúma (13.);1:2;;;Juvenal Juvêncio (2006-2014)
;Coritiba (9.);;São Paulo (17.);2:0;;;Juvenal Juvêncio (2006-2014)
;São Paulo (17.);;Ponte Preta (19.);1:0;;;Juvenal Juvêncio (2006-2014)
;Vasco da Gama (13.);;São Paulo (17.);0:2;;;Juvenal Juvêncio (2006-2014)
;São Paulo (15.);;Atlético-MG (6.);1:0;;;Juvenal Juvêncio (2006-2014)
;Goiás (11.);;São Paulo (14.);1:0;;;Juvenal Juvêncio (2006-2014)
Copa Sul-Americana;Copa Sul-Americana;Copa Sul-Americana;Copa Sul-Americana;Copa Sul-Americana;Copa Sul-Americana;Copa Sul-Americana;Juvenal Juvêncio (2006-2014)
;São Paulo;;Univ. Católica;1:1;;;Juvenal Juvêncio (2006-2014)
Campeonato Brasileiro Série A;Campeonato Brasileiro Série A;Campeonato Brasileiro Série A;Campeonato Brasileiro Série A;Campeonato Brasileiro Série A;Campeonato Brasileiro Série A;Campeonato Brasileiro Série A;Juvenal Juvêncio (2006-2014)
;São Paulo (14.);;Grêmio (4.);0:1;;;Juvenal Juvêncio (2006-2014)
;Santos (9.);;São Paulo (15.);3:0;;;Juvenal Juvêncio (2006-2014)
;São Paulo (17.);;Vitória (6.);3:2;;;Juvenal Juvêncio (2006-2014)
;Cruzeiro (1.);;São Paulo (16.);0:2;;;Juvenal Juvêncio (2006-2014)
;São Paulo (15.);;Corinthians (11.);0:0;;;Juvenal Juvêncio (2006-2014)
;São Paulo (13.);;Náutico (20.);3:0;;;Juvenal Juvêncio (2006-2014)
;Bahia (13.);;São Paulo (10.);0:1;;;Juvenal Juvêncio (2006-2014)
Copa Sul-Americana;Copa Sul-Americana;Copa Sul-Americana;Copa Sul-Americana;Copa Sul-Americana;Copa Sul-Americana;Copa Sul-Americana;Juvenal Juvêncio (2006-2014)
;Univ. Católica;;São Paulo;3:4;;;Juvenal Juvêncio (2006-2014)
Campeonato Brasileiro Série A;Campeonato Brasileiro Série A;Campeonato Brasileiro Série A;Campeonato Brasileiro Série A;Campeonato Brasileiro Série A;Campeonato Brasileiro Série A;Campeonato Brasileiro Série A;Juvenal Juvêncio (2006-2014)
;Internacional (9.);;São Paulo (10.);2:3;;;Juvenal Juvêncio (2006-2014)
Copa Sul-Americana;Copa Sul-Americana;Copa Sul-Americana;Copa Sul-Americana;Copa Sul-Americana;Copa Sul-Americana;Copa Sul-Americana;Juvenal Juvêncio (2006-2014)
;São Paulo;;Atl. Nacional;3:2;;;Juvenal Juvêncio (2006-2014)
Campeonato Brasileiro Série A;Campeonato Brasileiro Série A;Campeonato Brasileiro Série A;Campeonato Brasileiro Série A;Campeonato Brasileiro Série A;Campeonato Brasileiro Série A;Campeonato Brasileiro Série A;Juvenal Juvêncio (2006-2014)
;São Paulo (9.);;Portuguesa (16.);2:1;;;Juvenal Juvêncio (2006-2014)
Copa Sul-Americana;Copa Sul-Americana;Copa Sul-Americana;Copa Sul-Americana;Copa Sul-Americana;Copa Sul-Americana;Copa Sul-Americana;Juvenal Juvêncio (2006-2014)
;Atl. Nacional;;São Paulo;0:0;;;Juvenal Juvêncio (2006-2014)
Campeonato Brasileiro Série A;Campeonato Brasileiro Série A;Campeonato Brasileiro Série A;Campeonato Brasileiro Série A;Campeonato Brasileiro Série A;Campeonato Brasileiro Série A;Campeonato Brasileiro Série A;Juvenal Juvêncio (2006-2014)
;Atlético-PR (2.);;São Paulo (8.);3:0;;;Juvenal Juvêncio (2006-2014)
;São Paulo (8.);;Flamengo (12.);2:0;;;Juvenal Juvêncio (2006-2014)
;Fluminense (15.);;São Paulo (8.);2:1;;;Juvenal Juvêncio (2006-2014)
Copa Sul-Americana;Copa Sul-Americana;Copa Sul-Americana;Copa Sul-Americana;Copa Sul-Americana;Copa Sul-Americana;Copa Sul-Americana;Juvenal Juvêncio (2006-2014)
;São Paulo;;Ponte Preta;1:3;;;Juvenal Juvêncio (2006-2014)
Campeonato Brasileiro Série A;Campeonato Brasileiro Série A;Campeonato Brasileiro Série A;Campeonato Brasileiro Série A;Campeonato Brasileiro Série A;Campeonato Brasileiro Série A;Campeonato Brasileiro Série A;Juvenal Juvêncio (2006-2014)
;São Paulo (8.);;Botafogo (5.);1:1;;;Juvenal Juvêncio (2006-2014)
Copa Sul-Americana;Copa Sul-Americana;Copa Sul-Americana;Copa Sul-Americana;Copa Sul-Americana;Copa Sul-Americana;Copa Sul-Americana;Juvenal Juvêncio (2006-2014)
;Ponte Preta;;São Paulo;1:1;;;Juvenal Juvêncio (2006-2014)
Campeonato Brasileiro Série A;Campeonato Brasileiro Série A;Campeonato Brasileiro Série A;Campeonato Brasileiro Série A;Campeonato Brasileiro Série A;Campeonato Brasileiro Série A;Campeonato Brasileiro Série A;Juvenal Juvêncio (2006-2014)
;Criciúma (14.);;São Paulo (9.);1:0;;;Juvenal Juvêncio (2006-2014)
;São Paulo (9.);;Coritiba (14.);0:1;;;Juvenal Juvêncio (2006-2014)
Campeonato Paulista;Campeonato Paulista;Campeonato Paulista;Campeonato Paulista;Campeonato Paulista;Campeonato Paulista;Campeonato Paulista;Juvenal Juvêncio (2006-2014)
;Bragantino;;São Paulo;2:0;;;Juvenal Juvêncio (2006-2014)
;São Paulo;;Mogi Mirim;4:0;;;Juvenal Juvêncio (2006-2014)
;São Paulo;;Oeste;2:1;;;Juvenal Juvêncio (2006-2014)
;São Paulo;;Rio Claro;6:3;;;Juvenal Juvêncio (2006-2014)
;Palmeiras;;São Paulo;2:0;;;Juvenal Juvêncio (2006-2014)
;São Paulo;;Paulista;2:0;;;Juvenal Juvêncio (2006-2014)
;Ponte Preta;;São Paulo;2:1;;;Juvenal Juvêncio (2006-2014)
;São Paulo;;Portuguesa;0:0;;;Juvenal Juvêncio (2006-2014)
;São Bernardo;;São Paulo;1:1;;;Juvenal Juvêncio (2006-2014)
;São Paulo;;Santos;0:0;;;Juvenal Juvêncio (2006-2014)
;XV Piracicaba;;São Paulo;1:3;;;Juvenal Juvêncio (2006-2014)
;São Paulo;;GO Audax;4:0;;;Juvenal Juvêncio (2006-2014)
;Corinthians;;São Paulo;2:3;;;Juvenal Juvêncio (2006-2014)
Copa do Brasil;Copa do Brasil;Copa do Brasil;Copa do Brasil;Copa do Brasil;Copa do Brasil;Copa do Brasil;Juvenal Juvêncio (2006-2014)
;CSA;;São Paulo;0:1;;;Juvenal Juvêncio (2006-2014)
Campeonato Paulista;Campeonato Paulista;Campeonato Paulista;Campeonato Paulista;Campeonato Paulista;Campeonato Paulista;Campeonato Paulista;Juvenal Juvêncio (2006-2014)
;São Paulo;;Ituano;0:1;;;Juvenal Juvêncio (2006-2014)
;Botafogo-SP;;São Paulo;0:2;;;Juvenal Juvêncio (2006-2014)
Campeonato Paulista - Série A1 - Fase final;Campeonato Paulista - Série A1 - Fase final;Campeonato Paulista - Série A1 - Fase final;Campeonato Paulista - Série A1 - Fase final;Campeonato Paulista - Série A1 - Fase final;Campeonato Paulista - Série A1 - Fase final;Campeonato Paulista - Série A1 - Fase final;Juvenal Juvêncio (2006-2014)
;São Paulo;;Penapolense;4:5 pen.;;;Juvenal Juvêncio (2006-2014)
Copa do Brasil;Copa do Brasil;Copa do Brasil;Copa do Brasil;Copa do Brasil;Copa do Brasil;Copa do Brasil;Juvenal Juvêncio (2006-2014)
;São Paulo;;CSA;3:0;;;Juvenal Juvêncio (2006-2014)
